item_id,unit_type,query_id,arm,unit_index,question,text,source_span_text,atomic,self_contained,verifiable,unresolved_pronoun,span_aligned,rewrite_faithful,fact_coverage,fact_coverage_notes,error_type,notes
item-000310,a2_case,16881061444712536,old_old,1,Where does the amazon river start and finish?,The Amazon River starts at its headwaters in the Cordillera Rumi Cruz at the headwaters of the Mantaro River in Peru [1]. It finishes at the Atlantic Ocean [5]. [1][5],"- The Amazon River's headwaters are located in the Cordillera Rumi Cruz, at the Mantaro River in Peru.
- The Amazon River ends at the Atlantic Ocean.",NA,NA,NA,NA,NA,NA,complete,none,,
item-000010,a2_claim,-5942352520455511076,new_new,1,Where can adipose tissue be found in the body?,Adipose tissue exists beneath the skin as subcutaneous fat.,Adipose tissue is located beneath the skin (subcutaneous fat),1,1,NA,NA,1,1,NA,,,
item-000070,a1_sentence,-4286108617234818000,new,1,When does the new super troopers movie come out?,"""Super Troopers 2"" was released by Fox Searchlight Pictures on April 20, 2018 [1].",,1,1,1,0,NA,NA,NA,,,
item-000582,a2_claim,2469112227919120438,old_new,5,The creation of the senate was based on the?,The Senate's role evolved from temporary oversight to a permanent body.,later becoming permanent (evidence [3]),1,1,NA,NA,0,0,NA,,span_misaligned;meaning_changed,
item-000526,a2_claim,-8286966211355378010,old_new,2,What is the objective of tour de france?,The race consists of multiple single-day stages.,through a series of day-long stages,1,0,NA,NA,0,0,NA,,unresolved_reference;span_misaligned;meaning_changed,
item-000009,a2_case,-5942352520455511076,new_old,1,Where can adipose tissue be found in the body?,"Adipose tissue is located beneath the skin (subcutaneous fat) [1][4], around internal organs (visceral fat) [1][3], in bone marrow (yellow bone marrow) [1], intermuscularly [1], and in the breast tissue [1].","- Adipose tissue exists beneath the skin as subcutaneous fat.
- Adipose tissue surrounds internal organs as visceral fat.",NA,NA,NA,NA,NA,NA,partial,"lack of definition about adipose tissue in bone marrow, intermuscularly, and in the breast tissue",fact_omission,
item-000059,a2_case,586233275728240023,old_new,1,What is the os of samsung smart tv?,The OS of Samsung smart TVs is Tizen [1].,- Samsung smart TVs use the Tizen operating system.,NA,NA,NA,NA,NA,NA,complete,none,,
item-000102,a1_sentence,-99543908387769967,old,3,Who does sansa marry on game of thrones?,The evidence suggests that the most significant and final marriage depicted is with Tyrion Lannister.,,1,0,0,0,NA,NA,NA,,unresolved_reference;vague_unverifiable,
item-000478,a2_claim,2221044921312683785,old_old,1,When did the apple tv 4k come out?,"The Apple TV 4K was officially announced by Apple on September 12, 2017.","The Apple TV 4K was announced on September 12, 2017",1,1,NA,NA,1,0,NA,,meaning_changed,
item-000522,a2_claim,-8286966211355378010,old_old,3,What is the objective of tour de france?,The Tour de France is completed over a period of 23 days.,over 23 days,1,1,NA,NA,0,0,NA,,span_misaligned;meaning_changed,
item-000542,a2_claim,4150448921344430432,old_old,1,Who were the original twins in everybody loves raymond?,Matthew and Gregory were the original twins in the television show Everybody Loves Raymond.,The original twins in Everybody Loves Raymond were Matthew and Gregory,1,1,NA,NA,1,1,NA,,,
item-000333,a2_claim,-3904805932335139116,old_old,1,What was the daughter's name on the jetsons?,The name 'Judy' is mentioned in sources labeled 2 and 4.,Judy [2][4],NA,1,NA,NA,1,1,NA,,meta_nonclaim,
item-000447,a2_claim,3605104154738105404,old_new,1,What episode does jason gideon die in criminal minds?,"Jason Gideon is a character who dies in the TV show Criminal Minds in the Season 10 episode titled ""Nelson's Sparrow"".","Jason Gideon dies in the Season 10 episode ""Nelson's Sparrow""",1,1,NA,NA,1,1,NA,,,
item-000485,a2_claim,2221044921312683785,new_new,1,When did the apple tv 4k come out?,"The Apple TV 4K model was officially announced by Apple on September 12, 2017.","The 5th generation Apple TV, named Apple TV 4K, was announced on September 12, 2017",1,1,NA,NA,1,0,NA,,meaning_changed,
item-000417,a1_sentence,-4456614433280196572,new,1,What season does meredith and derek get married in grey's anatomy?,Meredith and Derek get married in season five [3].,,1,1,1,0,NA,NA,NA,,,
item-000233,a2_claim,6962706727076805207,old_new,1,What kind of car in to catch a thief?,"A bait car is a type of vehicle used in anti-theft operations, known by several names including decoy car, hot car, and trap car.","The kind of car used to catch a thief is called a bait car, also referred to as a decoy car, hot car, or trap car.",0,1,NA,NA,1,1,NA,,multi_fact,
item-000103,a1_sentence,-99543908387769967,old,4,Who does sansa marry on game of thrones?,[5],,NA,0,0,0,NA,NA,NA,,citation_only,
item-000611,a2_case,-1062522255440685408,new_new,1,When did the first generation kindle fire come out?,The first generation Kindle Fire was first released in November 2011 [1].,- The first generation Kindle Fire was launched in November 2011.,NA,NA,NA,NA,NA,NA,complete,none,,
item-000593,a2_case,-728189424752983312,old_old,1,Where did the term bye felicia come from?,"The term ""Bye, Felicia"" came from a scene in the American stoner buddy crime comedy film ""Friday"" (1995) [1]. It was originally used in that film and is attributed to Ice Cube, who starred in and co-wrote the script [1].","- The phrase ""Bye, Felicia"" originated in the 1995 film ""Friday"".
- Ice Cube, who starred and co-wrote ""Friday"", is credited with originating the phrase ""Bye, Felicia"".",NA,NA,NA,NA,NA,NA,partial,"lost modifying description ""American stoner buddy crime comedy film""",fact_omission,
item-000444,a1_sentence,3605104154738105404,old,1,What episode does jason gideon die in criminal minds?,"Jason Gideon dies in the Season 10 episode ""Nelson's Sparrow"" [1].",,1,1,1,0,NA,NA,NA,,,
item-000207,a2_claim,6514531923811923780,new_old,1,When does disney's food and wine festival end?,The festival concludes on November 13.,The Epcot International Food & Wine Festival ends on November 13,1,0,NA,NA,1,1,NA,,unresolved_reference,
item-000357,a1_sentence,-62521546794442829,new,1,For whom was the battle of king's mountain a victory?,The battle of King's Mountain was a victory for the Patriots [1][2][3].,,1,1,1,0,NA,NA,NA,,,
item-000364,a2_claim,-447198893588059167,old_old,1,Who played the father in leave it to beaver?,Hugh Beaumont portrayed the character Ward Cleaver in the television series Leave It to Beaver.,"Hugh Beaumont played the father, Ward Cleaver, in Leave It to Beaver.",1,1,NA,NA,1,1,NA,,,
item-000361,a2_case,-62521546794442829,new_new,1,For whom was the battle of king's mountain a victory?,The battle of King's Mountain was a victory for the Patriots [1][2][3].,- The Patriots won the Battle of King's Mountain.,NA,NA,NA,NA,NA,NA,complete,none,,
item-000088,a2_claim,-9141149438582194391,old_new,3,Who has scored the highest number of runs in test cricket?,"The player is the only one to have scored more than 30,000 runs across Tests, ODIs, and Twenty20s.","The evidence [2] indicates that the player with the highest number of runs in test cricket is the one who scored 15,921 runs in Tests, as well as 18,426 runs in One-Day Internationals.",1,0,NA,NA,0,0,NA,,unresolved_reference;span_misaligned;meaning_changed,
item-000224,a2_case,743600309736467122,new_new,1,When was on the revolutions of the heavenly spheres published?,"""On the Revolutions of the Heavenly Spheres"" was published in 1543 [1][4].","- The title of the work is 'On the Revolutions of the Heavenly Spheres'.
- The work was published in the year 1543.",NA,NA,NA,NA,NA,NA,complete,none,,
item-000426,a1_sentence,7494804303418493420,new,1,Movie with the song sunshine on my shoulders?,"The movie ""Sunshine"" aired on NBC in 1973 and used the song ""Sunshine on My Shoulders"" as its theme [1].",,0,1,1,0,NA,NA,NA,,multi_fact,
item-000215,a2_claim,743600309736467122,old_new,1,When was on the revolutions of the heavenly spheres published?,The title of the work is 'On the Revolutions of the Heavenly Spheres'.,On the Revolutions of the Heavenly Spheres,1,1,NA,NA,0,0,NA,,span_misaligned;meaning_changed,
item-000374,a2_claim,8433533625736230886,old_old,1,Who has won the most trophies man utd or liverpool?,Manchester United has won more trophies than any other football club.,Manchester United has won the most trophies,1,1,NA,NA,1,1,NA,,,
item-000017,a1_sentence,-7824075627194227170,old,2,When was the commission fir sc/st established?,This was the initial setup with Bhola Paswan Shastri as Chairman and other four Members [5].,,1,0,1,1,NA,NA,NA,,unresolved_reference,
item-000565,a2_case,6776234528515962047,new_old,1,Who is the most run in cricket history?,The evidence indicates that the most run scorer in cricket history is Sachin Tendulkar [4]. 1,- Sachin Tendulkar is recognized as the most run scorer in cricket history.,NA,NA,NA,NA,NA,NA,complete,none,,
item-000356,a2_case,-62521546794442829,old_new,1,For whom was the battle of king's mountain a victory?,The battle of King's Mountain was a victory for the Patriots [1][2][3][4].,- The Patriots won the Battle of King's Mountain.,NA,NA,NA,NA,NA,NA,complete,none,,
item-000034,a2_claim,-4649654703638364295,old_old,1,Who made it through the divisional finals world of dance?,"The Lab, Les Twins, Kinjaz, and Keone & Mari participated in the divisional finals of World of Dance.","The Lab, Les Twins, Kinjaz, and Keone & Mari made it through the divisional finals of World of Dance [3].",1,1,NA,NA,1,1,NA,,,
item-000430,a2_claim,7494804303418493420,new_new,1,Movie with the song sunshine on my shoulders?,"The movie ""Sunshine"" was broadcast on NBC television in the year 1973.","The movie ""Sunshine"" aired on NBC in 1973",1,1,NA,NA,1,1,NA,,,
item-000291,a2_claim,-5564120845047915486,new_old,1,Where do you find a simple gear train?,"The Antikythera mechanism, an ancient Greek device, contains a simple gear train.",A simple gear train can be found in the Antikythera mechanism of Greece,1,1,NA,NA,1,1,NA,,,
item-000109,a2_claim,-99543908387769967,old_new,3,Who does sansa marry on game of thrones?,Sansa Stark later marries Ramsay Bolton.,"However, there are multiple marriages mentioned in the evidence: she is initially set to marry Willas Tyrell [1], then later marries Ramsay Bolton [4], and finally agrees to marry Tyrion Lannister [5].",1,1,NA,NA,1,1,NA,,,
item-000222,a2_claim,743600309736467122,new_new,1,When was on the revolutions of the heavenly spheres published?,The title of the work is 'On the Revolutions of the Heavenly Spheres'.,On the Revolutions of the Heavenly Spheres,1,1,NA,NA,0,0,NA,,span_misaligned;meaning_changed,
item-000093,a1_sentence,-9141149438582194391,new,4,Who has scored the highest number of runs in test cricket?,[2],,NA,0,0,0,NA,NA,NA,,citation_only,
item-000194,a1_sentence,-2585133819352441604,new,1,Name of first episode of this is us?,"The first episode of This Is Us is called ""Remember"" [3].",,1,1,1,0,NA,NA,NA,,,
item-000546,a2_claim,4150448921344430432,old_new,2,Who were the original twins in everybody loves raymond?,Matthew and Gregory were later renamed to Geoffrey and Michael for the show's on-screen presentation.,They were later renamed to Geoffrey and Michael on screen,1,1,NA,NA,1,1,NA,,,
item-000553,a1_sentence,6776234528515962047,old,1,Who is the most run in cricket history?,"The evidence [4] states that the individual who is described as ""the leading run scorer in Tests, with 15,921 runs, as well as in One-Day Internationals, with 18,426 runs"" is the most run scorer in cricket history.",,1,0,0,1,NA,NA,NA,,unresolved_reference;vague_unverifiable,
item-000064,a2_case,586233275728240023,new_new,1,What is the os of samsung smart tv?,The operating system of Samsung smart TVs is Tizen [1].,- Samsung smart TVs use the Tizen operating system.,NA,NA,NA,NA,NA,NA,complete,none,,
item-000375,a2_case,8433533625736230886,old_old,1,Who has won the most trophies man utd or liverpool?,Manchester United has won the most trophies [1][2][3].,- Manchester United has won more trophies than any other football club.,NA,NA,NA,NA,NA,NA,complete,none,,
item-000235,a2_claim,6962706727076805207,old_new,3,What kind of car in to catch a thief?,Some bait cars feature GPS tracking and a kill switch mechanism to remotely disable the vehicle and lock its doors.,"They may include GPS tracking and a ""kill switch"" that allows police to remotely disable the engine and lock the doors, preventing the thief from escaping.",1,0,NA,NA,1,1,NA,,unresolved_reference,
item-000075,a2_claim,-4286108617234818000,new_new,1,When does the new super troopers movie come out?,Super Troopers 2 is a film title.,Super Troopers 2,1,1,NA,NA,0,0,NA,,span_misaligned;meaning_changed,
item-000469,a2_claim,7797208395147217894,new_old,1,When did west germany win the world cup?,West Germany achieved victory in the 1954 World Cup.,West Germany won the World Cup in 1954 [2],1,1,NA,NA,1,1,NA,,,
item-000393,a2_case,-6702031255040326279,new_old,1,Which of the animal is a carrier of h1n1?,Household cats have been reported as carriers of the H1N1 influenza virus [1].,- Household cats can carry the H1N1 influenza virus.,NA,NA,NA,NA,NA,NA,complete,none,,
item-000089,a2_case,-9141149438582194391,old_new,1,Who has scored the highest number of runs in test cricket?,"The evidence [2] indicates that the player with the highest number of runs in test cricket is the one who scored 15,921 runs in Tests, as well as 18,426 runs in One-Day Internationals. He is also the only player to have scored more than 30,000 runs in all forms of international cricket (Tests, ODIs, and Twenty20s). [2]","- The player scored 15,921 runs in Test cricket.
- The same player also scored 18,426 runs in One-Day Internals.
- The player is the only one to have scored more than 30,000 runs across Tests, ODIs, and Twenty20s.",NA,NA,NA,NA,NA,NA,complete,none,,
item-000188,a1_sentence,-2585133819352441604,old,1,Name of first episode of this is us?,"The first episode of This Is Us is called ""Remember.",,1,1,1,0,NA,NA,NA,,,
item-000265,a1_sentence,4474597907223412132,old,1,Who were the two astronauts who stayed a year on the iss?,The two astronauts who stayed a year on the ISS were Scott Kelly (NASA / USA) and Mikhail Korniyenko (Roscosmos / Russia).,,1,1,1,0,NA,NA,NA,,,
item-000030,a2_case,-7824075627194227170,new_old,1,When was the commission fir sc/st established?,The first commission for Scheduled Castes and Scheduled Tribes was established in August 1978 [1][2].,- The first commission for Scheduled Castes and Scheduled Tribes was established in August 1978.,NA,NA,NA,NA,NA,NA,complete,none,,
item-000615,a2_claim,-3344541168958463110,old_old,1,Who fought with an angel in the bible?,Jacob fought with an angel in the Bible.,Jacob wrestling with the angel is an episode from Genesis (32:22-32),1,1,NA,NA,0,0,NA,,span_misaligned;meaning_changed,
item-000457,a2_claim,7797208395147217894,old_old,1,When did west germany win the world cup?,West Germany achieved the World Cup title in 1954.,West Germany won the World Cup in 1954,1,1,NA,NA,1,1,NA,,,
item-000251,a2_case,-3228483207040151533,new_old,1,What bodies of water surround cabo san lucas?,The Pacific Ocean and the Gulf of California surround Cabo San Lucas. [3],- Cabo San Lucas is geographically located between the Pacific Ocean and the Gulf of California.,NA,NA,NA,NA,NA,NA,complete,none,,
item-000050,a1_sentence,-5842265707961388968,new,1,Who beat villanova last year in the ncaa tournament?,North Carolina Tar Heels beat Villanova in the National Semi-Finals of the 2015 NCAA Tournament [3].,,1,1,1,0,NA,NA,NA,,,
item-000061,a2_claim,586233275728240023,new_old,1,What is the os of samsung smart tv?,Samsung smart TVs use the Tizen operating system.,The operating system of Samsung smart TVs is Tizen,1,1,NA,NA,1,1,NA,,,
item-000062,a2_case,586233275728240023,new_old,1,What is the os of samsung smart tv?,The operating system of Samsung smart TVs is Tizen [1].,- Samsung smart TVs use the Tizen operating system.,NA,NA,NA,NA,NA,NA,complete,none,,
item-000167,a2_claim,-7699606393193219666,new_new,1,Who played cowboy curtis on pee wee herman?,Kevin Bacon portrayed the character Cowboy Curtis in the CBS children's television series Pee‑Wee's Playhouse.,"Kevin Bacon played Cowboy Curtis on Pee‑Wee Herman's CBS children's television show ""Pee‑wee's Playhouse.""",1,1,NA,NA,1,1,NA,,,
item-000586,a2_case,2469112227919120438,new_old,1,The creation of the senate was based on the?,The creation of the United States Senate was based on the United States Constitution [2].,- The United States Senate was established by the United States Constitution.,NA,NA,NA,NA,NA,NA,complete,none,,
item-000560,a2_claim,6776234528515962047,old_new,2,Who is the most run in cricket history?,"The described individual is also noted as the only player to score more than 30,000 runs in all forms of international cricket.","The evidence [4] states that the individual who is described as ""the leading run scorer in Tests, with 15,921 runs, as well as in One-Day Internationals, with 18,426 runs"" is the most run scorer in cricket history.",0,1,NA,NA,0,0,NA,,multi_fact;span_misaligned;meaning_changed,
item-000620,a2_case,-3344541168958463110,old_new,1,Who fought with an angel in the bible?,"Jacob fought with an angel in the Bible [1][4]. The evidence [1] states that Jacob wrestling with the angel is an episode from Genesis (32:22-32), and [4] confirms that it was Jacob who wrestled with a man (identified later as God) in this encounter. [I don't know] if there are other biblical figures who fought with angels, as the provided evidence only mentions Jacob.","- Jacob fought with an angel in the Bible.
- The encounter was specifically with Jacob.",NA,NA,NA,NA,NA,NA,partial,"lost fact description ""Jacob wrestling with the angel is an episode from Genesis (32:22-32)""",fact_omission,
item-000307,a1_sentence,16881061444712536,old,3,Where does the amazon river start and finish?,[1][5],,NA,0,0,0,NA,NA,NA,,citation_only,
item-000104,a2_claim,-99543908387769967,old_old,1,Who does sansa marry on game of thrones?,Sansa Stark marries Tyrion Lannister in the television series Game of Thrones.,Sansa marries Tyrion Lannister on Game of Thrones [5].,1,1,NA,NA,1,1,NA,,,
item-000129,a2_case,7150599999316106461,new_new,1,Who was the first singing brothers in the hall of fame?,The Mills Brothers were the first singing group inducted into the Vocal Group Hall of Fame [2].,- The Mills Brothers were the inaugural recipients of the Vocal Group Hall of Fame induction.,NA,NA,NA,NA,NA,NA,complete,none,,
item-000490,a2_claim,6257465985316109835,old_new,1,Who is the main character in liv and maddie?,Liv Rooney is the main character in the television series Liv and Maddie.,The main character in Liv and Maddie is Liv Rooney,1,1,NA,NA,1,1,NA,,,
item-000524,a2_case,-8286966211355378010,old_old,1,What is the objective of tour de france?,"The objective of the Tour de France is to determine the best cyclist through a series of day-long stages over 23 days, with the rider having the lowest cumulative finishing times becoming the leader of the race. [1][2]","- The Tour de France aims to identify the top cyclist.
- The race consists of multiple single-day stages.
- The Tour de France is completed over a period of 23 days.
- The cyclist with the fastest overall time across all stages is declared the race leader.",NA,NA,NA,NA,NA,NA,complete,none,,
item-000548,a1_sentence,4150448921344430432,new,1,Who were the original twins in everybody loves raymond?,The original twins in Everybody Loves Raymond were Matthew and Gregory [5].,,1,1,1,0,NA,NA,NA,,,
item-000463,a2_claim,7797208395147217894,old_new,2,When did west germany win the world cup?,West Germany achieved the World Cup title in 1974.,West Germany won the World Cup in 1954 and again in 1974 [1][2].,1,1,NA,NA,1,1,NA,,,
item-000395,a2_case,-6702031255040326279,new_new,1,Which of the animal is a carrier of h1n1?,Household cats have been reported as carriers of the H1N1 influenza virus [1].,- Household cats can carry the H1N1 influenza virus.,NA,NA,NA,NA,NA,NA,complete,none,,
item-000131,a2_claim,87005427005915954,old_old,1,When was the last time galway won the hurling all ireland?,Galway achieved its most recent Hurling All Ireland victory in 1987.,The last time Galway won the Hurling All Ireland was in 1987,1,1,NA,NA,1,1,NA,,,
item-000253,a2_case,-3228483207040151533,new_new,1,What bodies of water surround cabo san lucas?,The Pacific Ocean and the Gulf of California surround Cabo San Lucas. [3],- Cabo San Lucas is geographically located between the Pacific Ocean and the Gulf of California.,NA,NA,NA,NA,NA,NA,complete,none,,
item-000540,a1_sentence,4150448921344430432,old,2,Who were the original twins in everybody loves raymond?,They were later renamed to Geoffrey and Michael on screen [5].,,1,0,1,1,NA,NA,NA,,unresolved_reference,
item-000305,a1_sentence,16881061444712536,old,1,Where does the amazon river start and finish?,The Amazon River starts at its headwaters in the Cordillera Rumi Cruz at the headwaters of the Mantaro River in Peru [1].,,1,1,1,0,NA,NA,NA,,,
item-000613,a1_sentence,-3344541168958463110,old,2,Who fought with an angel in the bible?,"The evidence [1] states that Jacob wrestling with the angel is an episode from Genesis (32:22-32), and [4] confirms that it was Jacob who wrestled with a man (identified later as God) in this encounter.",,NA,0,0,0,NA,NA,NA,,meta_nonclaim,
item-000621,a1_sentence,-3344541168958463110,new,1,Who fought with an angel in the bible?,Jacob fought with an angel in the Bible [1][4].,,1,1,1,0,NA,NA,NA,,,
item-000101,a1_sentence,-99543908387769967,old,2,Who does sansa marry on game of thrones?,"However, there are multiple marriages mentioned in the evidence: she is initially set to marry Willas Tyrell [1], then later marries Ramsay Bolton [4], and finally agrees to marry Tyrion Lannister [5].",,0,1,1,0,NA,NA,NA,,multi_fact,
item-000082,a2_claim,-9141149438582194391,old_old,1,Who has scored the highest number of runs in test cricket?,"The player scored 15,921 runs in Test cricket.","The evidence [2] indicates that the player with the highest number of runs in test cricket is the one who scored 15,921 runs in Tests",1,0,NA,NA,1,1,NA,,unresolved_reference,
item-000120,a2_claim,7150599999316106461,old_old,2,Who was the first singing brothers in the hall of fame?,The Everly Brothers were inducted into the Country Music Hall of Fame in 2001.,They were also inducted into the Country Music Hall of Fame in 2001,1,1,NA,NA,0,0,NA,,span_misaligned;meaning_changed,
item-000203,a2_claim,6514531923811923780,old_new,1,When does disney's food and wine festival end?,The Disney's Food and Wine Festival concluded on November 13.,The Disney's Food and Wine Festival ends on November 13,1,1,NA,NA,1,1,NA,,,
item-000011,a2_claim,-5942352520455511076,new_new,2,Where can adipose tissue be found in the body?,Adipose tissue surrounds internal organs as visceral fat.,"Adipose tissue is located beneath the skin (subcutaneous fat) [1][4], around internal organs (visceral fat) [1][3], in bone marrow (yellow bone marrow) [1], intermuscularly [1], and in the breast tissue [1].",1,1,NA,NA,1,1,NA,,,
item-000562,a1_sentence,6776234528515962047,new,1,Who is the most run in cricket history?,The evidence indicates that the most run scorer in cricket history is Sachin Tendulkar [4].,,NA,0,0,0,NA,NA,NA,,meta_nonclaim,
item-000474,a2_case,7797208395147217894,new_new,1,When did west germany win the world cup?,West Germany won the World Cup in 1954 [2] and again in 1974 [2]. [2],"- West Germany achieved victory in the 1954 World Cup.
- West Germany achieved victory in the 1974 World Cup.",NA,NA,NA,NA,NA,NA,complete,none,,
item-000500,a2_claim,-3279585462082900736,old_new,1,Who gets fired on grey's anatomy season 6?,"Katherine Heigl's character, Dr. Izzie Stevens, is written out of Grey's Anatomy in season 6.",Katherine Heigl gets fired on Grey's Anatomy season 6,1,1,NA,NA,0,0,NA,,span_misaligned;meaning_changed,
item-000552,a2_case,4150448921344430432,new_new,1,Who were the original twins in everybody loves raymond?,The original twins in Everybody Loves Raymond were Matthew and Gregory [5].,- Matthew and Gregory were the original twin actors in the television show Everybody Loves Raymond.,NA,NA,NA,NA,NA,NA,complete,none,,
item-000514,a2_case,3643093465010420057,new_old,1,What city in texas has the highest elevation?,The city in Texas with the highest elevation is Del Rio [3]. 1425 feet above sea level [4],"- Del Rio is the city in Texas with the highest elevation.
- Del Rio has an elevation of 1425 feet above sea level.",NA,NA,NA,NA,NA,NA,complete,none,,
item-000051,a2_claim,-5842265707961388968,new_old,1,Who beat villanova last year in the ncaa tournament?,The North Carolina Tar Heels basketball team defeated the Villanova Wildcats in the National Semi-Finals during the 2015 NCAA Tournament.,North Carolina Tar Heels beat Villanova in the National Semi-Finals of the 2015 NCAA Tournament,1,1,NA,NA,1,1,NA,,,
item-000147,a2_case,-5116644172939113883,new_old,1,Who raps in the gorillaz song clint eastwood?,"Del the Funky Homosapien raps the verses in the Gorillaz song ""Clint Eastwood"" [1][2].","- Del the Funky Homosapien performed the rap verses for the Gorillaz song ""Clint Eastwood"".",NA,NA,NA,NA,NA,NA,complete,none,,
item-000446,a2_case,3605104154738105404,old_old,1,What episode does jason gideon die in criminal minds?,"Jason Gideon dies in the Season 10 episode ""Nelson's Sparrow"" [1].","- Jason Gideon is a character who dies in the TV show Criminal Minds in the Season 10 episode titled ""Nelson's Sparrow"".",NA,NA,NA,NA,NA,NA,complete,none,,
item-000341,a2_case,-3904805932335139116,new_new,1,What was the daughter's name on the jetsons?,Judy Jetson [2],- Judy Jetson is a character in the animated television series The Jetsons.,NA,NA,NA,NA,NA,NA,NA,no facts in a1,,
item-000497,a1_sentence,-3279585462082900736,old,1,Who gets fired on grey's anatomy season 6?,Katherine Heigl gets fired on Grey's Anatomy season 6 [2].,,1,1,1,0,NA,NA,NA,,,
item-000529,a2_case,-8286966211355378010,old_new,1,What is the objective of tour de france?,"The objective of the Tour de France is to determine the best cyclist through a series of day-long stages over 23 days, with the rider having the lowest cumulative finishing times becoming the leader of the race. [1][2]","- The Tour de France aims to identify the top cyclist.
- The race consists of multiple single-day stages.
- The Tour de France is completed over a period of 23 days.
- The cyclist with the fastest overall time across all stages is declared the race leader.",NA,NA,NA,NA,NA,NA,complete,none,,
item-000401,a2_claim,4183252176965080529,old_old,3,When does the new independence day come out?,"After multiple rescheduling events, the final confirmed release date for Independence Day: Resurgence was June 24, 2016.","with the final release date announced as June 24, 2016",1,1,NA,NA,0,0,NA,,span_misaligned;meaning_changed,
item-000517,a2_case,3643093465010420057,new_new,1,What city in texas has the highest elevation?,The city in Texas with the highest elevation is Del Rio [3]. 1425 feet above sea level [4],"- Del Rio is the city in Texas with the highest elevation.
- Del Rio has an elevation of 1425 feet above sea level.",NA,NA,NA,NA,NA,NA,complete,none,,
item-000591,a2_claim,-728189424752983312,old_old,1,Where did the term bye felicia come from?,"The phrase ""Bye, Felicia"" originated in the 1995 film ""Friday"".","The term ""Bye, Felicia"" came from a scene in the American stoner buddy crime comedy film ""Friday"" (1995)",1,1,NA,NA,1,1,NA,,,
item-000331,a2_case,-4873786835306543030,new_new,1,Who is the chief minister of m. p?,Captain Amarinder Singh is the Chief Minister of Punjab [1].,- Captain Amarinder Singh holds the office of Chief Minister for the state of Punjab.,NA,NA,NA,NA,NA,NA,complete,none,,
item-000534,a2_case,-8286966211355378010,new_old,1,What is the objective of tour de france?,The objective of the Tour de France is to determine the best professional bicycle racer through a series of day-long stages over 23 days [1].,"- The Tour de France aims to identify the top professional bicycle racer.
- The competition consists of multiple stages, each lasting a day.
- The Tour de France spans a total of 23 days.",NA,NA,NA,NA,NA,NA,complete,none,,
item-000622,a2_claim,-3344541168958463110,new_old,1,Who fought with an angel in the bible?,Jacob engaged in a physical confrontation with an angel in the Bible.,Jacob fought with an angel,1,1,NA,NA,1,1,NA,,,
item-000558,a2_case,6776234528515962047,old_old,1,Who is the most run in cricket history?,"The evidence [4] states that the individual who is described as ""the leading run scorer in Tests, with 15,921 runs, as well as in One-Day Internationals, with 18,426 runs"" is the most run scorer in cricket history. This person is also noted as the only player to score more than 30,000 runs in all forms of international cricket. [4]","- The described individual holds the record for the most runs scored in cricket history.
- The described individual is also noted as the only player to score more than 30,000 runs in all forms of international cricket.",NA,NA,NA,NA,NA,NA,partial,"lost fact description ""the individual who is described as ""the leading run scorer in Tests, with 15,921 runs, as well as in One-Day Internationals, with 18,426 runs""""",fact_omission,
item-000277,a1_sentence,-5564120845047915486,old,1,Where do you find a simple gear train?,"You can find a simple gear train in illustrations by the Renaissance scientist Georgius Agricola [2], which show gear trains with cylindrical teeth [1].",,1,1,1,0,NA,NA,NA,,,
item-000380,a2_case,8433533625736230886,new_old,1,Who has won the most trophies man utd or liverpool?,Manchester United has won more trophies than Liverpool [1][2].,- Manchester United has a higher total number of trophies than Liverpool.,NA,NA,NA,NA,NA,NA,complete,none,,
item-000321,a2_case,16881061444712536,new_new,1,Where does the amazon river start and finish?,The Amazon River starts at the headwaters of the Cordillera Rumi Cruz in Peru [1][4]. The Amazon River finishes at the Atlantic Ocean [1][4].,"- The Amazon River originates at the headwaters of the Cordillera Rumi Cruz mountain range located in Peru.
- The Amazon River flows into the Atlantic Ocean.",NA,NA,NA,NA,NA,NA,complete,none,,
item-000261,a2_claim,732619765350082410,new_old,1,When did toronto host the mlb all-star game?,"The Toronto Blue Jays were the host team for the Major League Baseball All-Star Game on July 9, 1991.","The Toronto Blue Jays hosted the Major League Baseball All-Star Game on July 9, 1991",1,1,NA,NA,1,1,NA,,,
item-000449,a1_sentence,3605104154738105404,new,1,What episode does jason gideon die in criminal minds?,"Jason Gideon dies in the Season 10 episode ""Nelson's Sparrow"" [1][4].",,1,1,1,0,NA,NA,NA,,,
item-000592,a2_claim,-728189424752983312,old_old,2,Where did the term bye felicia come from?,"Ice Cube, who starred and co-wrote ""Friday"", is credited with originating the phrase ""Bye, Felicia"".","It was originally used in that film and is attributed to Ice Cube, who starred in and co-wrote the script",1,1,NA,NA,0,0,NA,,span_misaligned;meaning_changed,
item-000019,a1_sentence,-7824075627194227170,old,4,When was the commission fir sc/st established?,[1][2],,NA,0,0,0,NA,NA,NA,,citation_only,
item-000278,a1_sentence,-5564120845047915486,old,2,Where do you find a simple gear train?,"Additionally, gear trains are used in various mechanical systems, such as in clocks (both for the going train and striking train) [3], and in horology where a wheel train is the gear train of a clock or watch [3].",,1,1,1,0,NA,NA,NA,,,
item-000452,a2_claim,3605104154738105404,new_new,1,What episode does jason gideon die in criminal minds?,"Jason Gideon character dies in the TV episode titled ""Nelson's Sparrow"" which is from Season 10.","Jason Gideon dies in the Season 10 episode ""Nelson's Sparrow""",1,1,NA,NA,1,1,NA,,,
item-000096,a2_case,-9141149438582194391,new_old,1,Who has scored the highest number of runs in test cricket?,"The evidence [2] states that the player in question is the only individual to have scored more than 30,000 runs in all forms of international cricket (Tests, ODIs, and Twenty20 Internationals). [2] specifically mentions this player as the first Indian to achieve this feat. Therefore, the player who has scored the highest number of runs in Test cricket is the one described in evidence [2]. [2]","- Evidence [2] identifies a player who has scored more than 30,000 runs across Tests, ODIs, and T20Is.
- The same evidence [2] notes that this player was the first Indian to surpass 30,000 international runs.",NA,NA,NA,NA,NA,NA,complete,none,,
item-000119,a2_claim,7150599999316106461,old_old,1,Who was the first singing brothers in the hall of fame?,"The Everly Brothers were the first singing brothers to be inducted into the Rock and Roll Hall of Fame, which occurred in 1986.",The Everly Brothers were the first singing brothers inducted into the Rock and Roll Hall of Fame in 1986,1,1,NA,NA,1,1,NA,,,
item-000249,a1_sentence,-3228483207040151533,new,2,What bodies of water surround cabo san lucas?,[3],,NA,0,0,0,NA,NA,NA,,citation_only,
item-000043,a1_sentence,-5842265707961388968,old,1,Who beat villanova last year in the ncaa tournament?,Kansas beat Villanova in the NCAA Tournament last year [5].,,1,1,1,0,NA,NA,NA,,,
item-000433,a1_sentence,-1859261645300630518,old,1,When does steve come back in shameless season 5?,I don't know.,,NA,0,0,0,NA,NA,NA,,meta_nonclaim,
item-000398,a1_sentence,4183252176965080529,old,3,When does the new independence day come out?,[2][1],,NA,0,0,0,NA,NA,NA,,citation_only,
item-000385,a2_claim,-6702031255040326279,old_old,1,Which of the animal is a carrier of h1n1?,Household cats can carry the H1N1 virus.,Household cats are a carrier of H1N1 [1].,1,1,NA,NA,1,1,NA,,,
item-000421,a2_case,-4456614433280196572,new_new,1,What season does meredith and derek get married in grey's anatomy?,Meredith and Derek get married in season five [3].,- Meredith and Derek are married in the fifth season of the show.,NA,NA,NA,NA,NA,NA,complete,none,,
item-000547,a2_case,4150448921344430432,old_new,1,Who were the original twins in everybody loves raymond?,The original twins in Everybody Loves Raymond were Matthew and Gregory [5]. They were later renamed to Geoffrey and Michael on screen [5]. [5],"- Matthew and Gregory were the original twins in the television show Everybody Loves Raymond.
- Matthew and Gregory were later renamed to Geoffrey and Michael for the show's on-screen presentation.",NA,NA,NA,NA,NA,NA,complete,none,,
item-000160,a1_sentence,-7699606393193219666,old,1,Who played cowboy curtis on pee wee herman?,Kevin Bacon [1],,NA,0,0,0,NA,NA,NA,,meta_nonclaim,
item-000494,a2_case,6257465985316109835,new_old,1,Who is the main character in liv and maddie?,Dove Cameron is the main character in Liv and Maddie [3].,- Dove Cameron plays the role of Liv in the television series Liv and Maddie.,NA,NA,NA,NA,NA,NA,complete,none,,
item-000306,a1_sentence,16881061444712536,old,2,Where does the amazon river start and finish?,It finishes at the Atlantic Ocean [5].,,1,0,1,1,NA,NA,NA,,unresolved_reference,
item-000288,a2_claim,-5564120845047915486,old_new,4,Where do you find a simple gear train?,"In the field of horology, a wheel train serves as the gear train for clocks or watches.",and in horology where a wheel train is the gear train of a clock or watch [3],1,1,NA,NA,1,1,NA,,,
item-000292,a2_case,-5564120845047915486,new_old,1,Where do you find a simple gear train?,A simple gear train can be found in the Antikythera mechanism of Greece [1].,"- The Antikythera mechanism, an ancient Greek device, contains a simple gear train.",NA,NA,NA,NA,NA,NA,complete,none,,
item-000439,a2_claim,-1859261645300630518,new_old,2,When does steve come back in shameless season 5?,"The episode ""The Big Sick"" aired on January 11, 2015.","Steve Howey returns in Shameless season 5 in episode 1 titled ""The Big Sick"", which premiered on January 11, 2015 [2].",1,1,NA,NA,1,1,NA,,,
item-000334,a2_case,-3904805932335139116,old_old,1,What was the daughter's name on the jetsons?,Judy [2][4],- The name 'Judy' is mentioned in sources labeled 2 and 4.,NA,NA,NA,NA,NA,NA,NA,no facts in a1,,
item-000576,a2_claim,2469112227919120438,old_old,5,The creation of the senate was based on the?,The Senate's role evolved from temporary oversight to a permanent body.,later becoming permanent (evidence [3]),1,1,NA,NA,0,0,NA,,span_misaligned;meaning_changed,
item-000091,a1_sentence,-9141149438582194391,new,2,Who has scored the highest number of runs in test cricket?,[2] specifically mentions this player as the first Indian to achieve this feat.,,NA,0,0,0,NA,NA,NA,,meta_nonclaim,
item-000206,a1_sentence,6514531923811923780,new,1,When does disney's food and wine festival end?,The Epcot International Food & Wine Festival ends on November 13 [1].,,1,1,1,0,NA,NA,NA,,,
item-000118,a1_sentence,7150599999316106461,old,3,Who was the first singing brothers in the hall of fame?,"The evidence [1] directly states their induction into the Rock and Roll Hall of Fame, which answers the question about who was the first singing brothers in the hall of fame.",,NA,0,0,0,NA,NA,NA,,meta_nonclaim,
item-000616,a2_claim,-3344541168958463110,old_old,2,Who fought with an angel in the bible?,The encounter was specifically with Jacob.,[4] confirms that it was Jacob who wrestled with a man (identified later as God) in this encounter.,1,0,NA,NA,1,0,NA,,unresolved_reference;meaning_changed,
item-000535,a2_claim,-8286966211355378010,new_new,1,What is the objective of tour de france?,The Tour de France aims to identify the top professional bicycle racer.,The objective of the Tour de France is to determine the best professional bicycle racer,1,1,NA,NA,1,1,NA,,,
item-000488,a2_claim,6257465985316109835,old_old,1,Who is the main character in liv and maddie?,Liv Rooney is the main character in the television series Liv and Maddie.,The main character in Liv and Maddie is Liv Rooney,1,1,NA,NA,1,1,NA,,,
item-000312,a2_claim,16881061444712536,old_new,2,Where does the amazon river start and finish?,The Amazon River ends at the Atlantic Ocean.,It finishes at the Atlantic Ocean,1,1,NA,NA,0,0,NA,,span_misaligned;meaning_changed,
item-000512,a2_claim,3643093465010420057,new_old,1,What city in texas has the highest elevation?,Del Rio is the city in Texas with the highest elevation.,The city in Texas with the highest elevation is Del Rio [3].,1,1,NA,NA,1,1,NA,,,
item-000211,a1_sentence,743600309736467122,old,1,When was on the revolutions of the heavenly spheres published?,"""On the Revolutions of the Heavenly Spheres"" was published in 1543 [1][5].",,1,1,1,0,NA,NA,NA,,,
item-000612,a1_sentence,-3344541168958463110,old,1,Who fought with an angel in the bible?,Jacob fought with an angel in the Bible [1][4].,,1,1,1,0,NA,NA,NA,,,
item-000225,a1_sentence,6962706727076805207,old,1,What kind of car in to catch a thief?,"The kind of car used to catch a thief is called a bait car, also referred to as a decoy car, hot car, or trap car.",,0,1,1,0,NA,NA,NA,,multi_fact,
item-000254,a1_sentence,732619765350082410,old,1,When did toronto host the mlb all-star game?,"Toronto hosted the MLB All-Star Game on July 9, 1991 [1].",,1,1,1,0,NA,NA,NA,,,
item-000094,a2_claim,-9141149438582194391,new_old,1,Who has scored the highest number of runs in test cricket?,"Evidence [2] identifies a player who has scored more than 30,000 runs across Tests, ODIs, and T20Is.","The evidence [2] states that the player in question is the only individual to have scored more than 30,000 runs in all forms of international cricket (Tests, ODIs, and Twenty20 Internationals).",NA,1,NA,NA,1,1,NA,,meta_nonclaim,
item-000085,a2_case,-9141149438582194391,old_old,1,Who has scored the highest number of runs in test cricket?,"The evidence [2] indicates that the player with the highest number of runs in test cricket is the one who scored 15,921 runs in Tests, as well as 18,426 runs in One-Day Internationals. He is also the only player to have scored more than 30,000 runs in all forms of international cricket (Tests, ODIs, and Twenty20s). [2]","- The player scored 15,921 runs in Test cricket.
- The same player also scored 18,426 runs in One-Day Internals.
- The player is the only one to have scored more than 30,000 runs across Tests, ODIs, and Twenty20s.",NA,NA,NA,NA,NA,NA,complete,none,,
item-000556,a2_claim,6776234528515962047,old_old,1,Who is the most run in cricket history?,The described individual holds the record for the most runs scored in cricket history.,"The evidence [4] states that the individual who is described as ""the leading run scorer in Tests, with 15,921 runs, as well as in One-Day Internationals, with 18,426 runs"" is the most run scorer in cricket history.",1,0,NA,NA,1,1,NA,,unresolved_reference,
item-000480,a2_claim,2221044921312683785,old_new,1,When did the apple tv 4k come out?,"The Apple TV 4K was officially announced by Apple on September 12, 2017.","The Apple TV 4K was announced on September 12, 2017",1,1,NA,NA,1,1,NA,,,
item-000245,a2_case,-3228483207040151533,old_old,1,What bodies of water surround cabo san lucas?,The Pacific Ocean and the Gulf of California surround Cabo San Lucas. [2][3],- Cabo San Lucas is located between the Pacific Ocean and the Gulf of California.,NA,NA,NA,NA,NA,NA,complete,none,,
item-000519,a1_sentence,-8286966211355378010,old,2,What is the objective of tour de france?,[1][2],,NA,0,0,0,NA,NA,NA,,citation_only,
item-000597,a1_sentence,-728189424752983312,new,1,Where did the term bye felicia come from?,"The term ""Bye, Felicia"" originated from a scene in the American stoner buddy crime comedy film ""Friday"" (1995) [1].",,1,1,1,0,NA,NA,NA,,,
item-000140,a1_sentence,-5116644172939113883,old,1,Who raps in the gorillaz song clint eastwood?,"Del the Funky Homosapien raps the verses in the Gorillaz song ""Clint Eastwood"" [1][2].",,1,1,1,0,NA,NA,NA,,,
item-000595,a2_claim,-728189424752983312,old_new,2,Where did the term bye felicia come from?,"Ice Cube, who starred and co-wrote ""Friday"", is credited with originating the phrase ""Bye, Felicia"".","It was originally used in that film and is attributed to Ice Cube, who starred in and co-wrote the script",1,1,NA,NA,0,0,NA,,span_misaligned;meaning_changed,
item-000165,a2_claim,-7699606393193219666,new_old,1,Who played cowboy curtis on pee wee herman?,Kevin Bacon portrayed the character Cowboy Curtis in the CBS children's television series Pee‑Wee's Playhouse.,"Kevin Bacon played Cowboy Curtis on Pee‑Wee Herman's CBS children's television show ""Pee‑wee's Playhouse.""",1,1,NA,NA,1,1,NA,,,
item-000114,a2_claim,-99543908387769967,new_new,1,Who does sansa marry on game of thrones?,Sansa Stark is married to Ramsay Bolton in the television series Game of Thrones.,Sansa Stark marries Ramsay Bolton,1,1,NA,NA,0,0,NA,,span_misaligned;meaning_changed,
item-000348,a2_claim,-5333049627570569397,new_old,1,When did the song can't touch this come out?,"""U Can't Touch This"" was released on February 12, 1990.","The song ""U Can't Touch This"" came out on February 12, 1990",1,1,NA,NA,1,1,NA,,,
item-000290,a1_sentence,-5564120845047915486,new,1,Where do you find a simple gear train?,A simple gear train can be found in the Antikythera mechanism of Greece [1].,,1,1,1,0,NA,NA,NA,,,
item-000437,a1_sentence,-1859261645300630518,new,1,When does steve come back in shameless season 5?,"Steve Howey returns in Shameless season 5 in episode 1 titled ""The Big Sick"", which premiered on January 11, 2015 [2].",,0,1,1,0,NA,NA,NA,,multi_fact,
item-000378,a1_sentence,8433533625736230886,new,1,Who has won the most trophies man utd or liverpool?,Manchester United has won more trophies than Liverpool [1][2].,,1,1,1,0,NA,NA,NA,,,
item-000531,a2_claim,-8286966211355378010,new_old,1,What is the objective of tour de france?,The Tour de France aims to identify the top professional bicycle racer.,The objective of the Tour de France is to determine the best professional bicycle racer,1,1,NA,NA,1,1,NA,,,
item-000039,a2_claim,-4649654703638364295,new_old,1,Who made it through the divisional finals world of dance?,The Lab team participated in and advanced to the divisional finals stage of the World of Dance competition.,The Lab made it through the divisional finals of World of Dance,1,1,NA,NA,1,1,NA,,,
item-000538,a2_case,-8286966211355378010,new_new,1,What is the objective of tour de france?,The objective of the Tour de France is to determine the best professional bicycle racer through a series of day-long stages over 23 days [1].,"- The Tour de France aims to identify the top professional bicycle racer.
- The competition consists of multiple stages, each lasting a day.
- The Tour de France spans a total of 23 days.",NA,NA,NA,NA,NA,NA,complete,none,,
item-000627,a1_sentence,-4995398567532229571,old,2,When did ragtime flourished in the united states?,"The evidence indicates that more sophisticated African‑American styles, including ragtime, became popular around this time, and by the start of the 20th century it was widely popular throughout North America [3].",,NA,0,0,0,NA,NA,NA,,meta_nonclaim,
item-000317,a2_claim,16881061444712536,new_old,2,Where does the amazon river start and finish?,The Amazon River flows into the Atlantic Ocean.,The Amazon River finishes at the Atlantic Ocean,1,1,NA,NA,1,1,NA,,,
item-000320,a2_claim,16881061444712536,new_new,2,Where does the amazon river start and finish?,The Amazon River flows into the Atlantic Ocean.,The Amazon River finishes at the Atlantic Ocean,1,1,NA,NA,1,1,NA,,,
item-000022,a2_claim,-7824075627194227170,old_old,3,When was the commission fir sc/st established?,"The commission was reconstituted in 1992 under the 65th Amendment, maintaining the name National Commission for Scheduled Castes and Scheduled Tribes.",it was reconstituted under the 65th Amendment as the National Commission for Scheduled Castes and Scheduled Tribes,1,0,NA,NA,0,0,NA,,unresolved_reference;span_misaligned;meaning_changed,
item-000419,a2_case,-4456614433280196572,new_old,1,What season does meredith and derek get married in grey's anatomy?,Meredith and Derek get married in season five [3].,- Meredith and Derek are married in the fifth season of the show.,NA,NA,NA,NA,NA,NA,complete,none,,
item-000408,a2_claim,4183252176965080529,new_old,1,When does the new independence day come out?,"Independence Day: Resurgence was released in the United States on June 24, 2016.","was released in the United States on June 24, 2016",1,1,NA,NA,0,0,NA,,span_misaligned;meaning_changed,
item-000072,a2_claim,-4286108617234818000,new_old,2,When does the new super troopers movie come out?,Fox Searchlight Pictures was the distributor of Super Troopers 2.,was released by Fox Searchlight Pictures,1,1,NA,NA,0,0,NA,,span_misaligned;meaning_changed,
item-000436,a2_case,-1859261645300630518,old_new,1,When does steve come back in shameless season 5?,I don't know. [2],,NA,NA,NA,NA,NA,NA,NA,no facts in a1,,
item-000243,a1_sentence,-3228483207040151533,old,2,What bodies of water surround cabo san lucas?,[2][3],,NA,0,0,0,NA,NA,NA,,citation_only,
item-000205,a2_case,6514531923811923780,old_new,1,When does disney's food and wine festival end?,"The Disney's Food and Wine Festival ends on November 13 [1] and also ends on November 12th, 2018 [2]. [1][2]","- The Disney's Food and Wine Festival concluded on November 13.
- The Disney's Food and Wine Festival also concluded on November 12, 2018.",NA,NA,NA,NA,NA,NA,complete,none,,
item-000344,a2_case,-5333049627570569397,old_old,1,When did the song can't touch this come out?,"The song ""U Can't Touch This"" came out on February 12, 1990 [3][4].","- ""U Can't Touch This"" was released on February 12, 1990.",NA,NA,NA,NA,NA,NA,complete,none,,
item-000268,a2_case,4474597907223412132,old_old,1,Who were the two astronauts who stayed a year on the iss?,The two astronauts who stayed a year on the ISS were Scott Kelly (NASA / USA) and Mikhail Korniyenko (Roscosmos / Russia). [2],- Scott Kelly is an astronaut from NASA in the USA who spent a year on the ISS.,NA,NA,NA,NA,NA,NA,partial,"lost fact description ""Mikhail Korniyenko is a astronaut from Roscosmos in the Russia who spent a year on the ISS""",fact_omission,
item-000068,a2_claim,-4286108617234818000,old_new,1,When does the new super troopers movie come out?,"Super Troopers 2 was released on April 20, 2018.","The new Super Troopers movie, Super Troopers 2, was released on April 20, 2018",1,1,NA,NA,1,1,NA,,,
item-000063,a2_claim,586233275728240023,new_new,1,What is the os of samsung smart tv?,Samsung smart TVs use the Tizen operating system.,The operating system of Samsung smart TVs is Tizen,1,1,NA,NA,1,1,NA,,,
item-000221,a2_case,743600309736467122,new_old,1,When was on the revolutions of the heavenly spheres published?,"""On the Revolutions of the Heavenly Spheres"" was published in 1543 [1][4].","- The title of the work is 'On the Revolutions of the Heavenly Spheres'.
- The work was published in the year 1543.",NA,NA,NA,NA,NA,NA,complete,none,,
item-000108,a2_claim,-99543908387769967,old_new,2,Who does sansa marry on game of thrones?,Sansa Stark was initially arranged to marry Willas Tyrell.,"However, there are multiple marriages mentioned in the evidence: she is initially set to marry Willas Tyrell [1], then later marries Ramsay Bolton [4], and finally agrees to marry Tyrion Lannister [5].",1,1,NA,NA,1,1,NA,,,
item-000483,a2_claim,2221044921312683785,new_old,1,When did the apple tv 4k come out?,"The Apple TV 4K model was officially announced by Apple on September 12, 2017.","The 5th generation Apple TV, named Apple TV 4K, was announced on September 12, 2017",1,1,NA,NA,1,1,NA,,,
item-000402,a2_case,4183252176965080529,old_old,1,When does the new independence day come out?,"The new Independence Day, ""Independence Day: Resurgence,"" was released on June 24, 2016 [2]. It was originally scheduled for July 2016 but was rescheduled multiple times, with the final release date announced as June 24, 2016 [1]. [2][1]","- Independence Day: Resurgence was officially released on June 24, 2016.
- The film's initial release date was set for July 2016, but the schedule was changed several times.
- After multiple rescheduling events, the final confirmed release date for Independence Day: Resurgence was June 24, 2016.",NA,NA,NA,NA,NA,NA,complete,none,,
item-000484,a2_case,2221044921312683785,new_old,1,When did the apple tv 4k come out?,"The 5th generation Apple TV, named Apple TV 4K, was announced on September 12, 2017 [2].","- The Apple TV 4K model was officially announced by Apple on September 12, 2017.",NA,NA,NA,NA,NA,NA,partial,"lost modifying description ""The 5th generation Apple TV""",fact_omission,
item-000399,a2_claim,4183252176965080529,old_old,1,When does the new independence day come out?,"Independence Day: Resurgence was officially released on June 24, 2016.","was released on June 24, 2016",1,1,NA,NA,0,0,NA,,span_misaligned;meaning_changed,
item-000416,a2_case,-4456614433280196572,old_new,1,What season does meredith and derek get married in grey's anatomy?,Meredith and Derek get married in season five [3].,- Meredith and Derek are married in the fifth season of the show.,NA,NA,NA,NA,NA,NA,complete,none,,
item-000537,a2_claim,-8286966211355378010,new_new,3,What is the objective of tour de france?,The Tour de France spans a total of 23 days.,over 23 days,1,1,NA,NA,0,0,NA,,span_misaligned;meaning_changed,
item-000186,a2_case,6619094979746662600,new_old,1,Who wrote brown eyes by destiny's child?,I don't know. [5],,NA,NA,NA,NA,NA,NA,NA,no facts in a1,,
item-000521,a2_claim,-8286966211355378010,old_old,2,What is the objective of tour de france?,The race consists of multiple single-day stages.,through a series of day-long stages,1,0,NA,NA,0,0,NA,,unresolved_reference;span_misaligned;meaning_changed,
item-000090,a1_sentence,-9141149438582194391,new,1,Who has scored the highest number of runs in test cricket?,"The evidence [2] states that the player in question is the only individual to have scored more than 30,000 runs in all forms of international cricket (Tests, ODIs, and Twenty20 Internationals).",,NA,0,0,0,NA,NA,NA,,meta_nonclaim,
item-000639,a2_case,-4995398567532229571,new_new,1,When did ragtime flourished in the united states?,"Ragtime flourished in the United States during the late 19th century, from around the 1890s onward [1][3].","- Ragtime was a popular musical genre in the United States during the late 19th century, emerging and gaining prominence from around the 1890s.",NA,NA,NA,NA,NA,NA,complete,none,,
item-000241,a2_case,6962706727076805207,new_new,1,What kind of car in to catch a thief?,"A bait car used to catch a thief is typically a vehicle that is modified with audio/video surveillance technology, GPS tracking, and possibly a ""kill switch"" for remote disabling [1][3].","- Bait cars often include audio/video surveillance technology, GPS tracking, and a kill switch for remote disabling.",NA,NA,NA,NA,NA,NA,partial,"lost modifying description ""bait car used to catch a thief""",fact_omission,
item-000539,a1_sentence,4150448921344430432,old,1,Who were the original twins in everybody loves raymond?,The original twins in Everybody Loves Raymond were Matthew and Gregory [5].,,1,1,1,0,NA,NA,NA,,,
item-000479,a2_case,2221044921312683785,old_old,1,When did the apple tv 4k come out?,"The Apple TV 4K was announced on September 12, 2017 [2]. It started shipping later, but the evidence does not specify an exact release date [2]. [2]","- The Apple TV 4K was officially announced by Apple on September 12, 2017.",NA,NA,NA,NA,NA,NA,complete,none,,
item-000445,a2_claim,3605104154738105404,old_old,1,What episode does jason gideon die in criminal minds?,"Jason Gideon is a character who dies in the TV show Criminal Minds in the Season 10 episode titled ""Nelson's Sparrow"".","Jason Gideon dies in the Season 10 episode ""Nelson's Sparrow""",1,1,NA,NA,0,0,NA,,span_misaligned;meaning_changed,
item-000296,a2_claim,-5036947181661390825,old_old,1,When was the vietnam veterans war memorial built?,"The Vietnam Veterans Memorial was constructed and officially dedicated on November 13, 1982.","The Vietnam Veterans Memorial was built and dedicated on November 13, 1982",1,1,NA,NA,1,1,NA,,,
item-000626,a1_sentence,-4995398567532229571,old,1,When did ragtime flourished in the united states?,"Ragtime flourished in the United States during the latter part of the 19th century, particularly in the 1890s [1][3].",,1,1,1,0,NA,NA,NA,,,
item-000495,a2_claim,6257465985316109835,new_new,1,Who is the main character in liv and maddie?,Dove Cameron plays the role of Liv in the television series Liv and Maddie.,Dove Cameron is the main character in Liv and Maddie,1,1,NA,NA,0,0,NA,,span_misaligned;meaning_changed,
item-000182,a2_case,6619094979746662600,old_old,1,Who wrote brown eyes by destiny's child?,"I don't know. [None of the provided evidence mentions Destiny's Child or the composition of ""Brown Eyes"" by that group.]",,NA,NA,NA,NA,NA,NA,NA,no facts in a1,,
item-000630,a2_claim,-4995398567532229571,old_old,2,When did ragtime flourished in the united states?,"By the start of the 20th century, ragtime was widely popular throughout North America.","The evidence indicates that more sophisticated African‑American styles, including ragtime, became popular around this time, and by the start of the 20th century it was widely popular throughout North America [3].",1,1,NA,NA,1,1,NA,,,
item-000427,a2_claim,7494804303418493420,new_old,1,Movie with the song sunshine on my shoulders?,"The movie ""Sunshine"" was broadcast on NBC television in the year 1973.","The movie ""Sunshine"" aired on NBC in 1973",1,1,NA,NA,1,1,NA,,,
item-000232,a2_case,6962706727076805207,old_old,1,What kind of car in to catch a thief?,"The kind of car used to catch a thief is called a bait car, also referred to as a decoy car, hot car, or trap car. These vehicles are specifically modified with audio/video surveillance technology and can be remotely monitored and controlled by law enforcement. They may include GPS tracking and a ""kill switch"" that allows police to remotely disable the engine and lock the doors, preventing the thief from escaping. [1][3]","- A bait car is a type of vehicle used in anti-theft operations, known by several names including decoy car, hot car, and trap car.
- Bait cars are equipped with audio and video surveillance technology for remote monitoring by law enforcement.
- Some bait cars feature GPS tracking and a kill switch mechanism to remotely disable the vehicle and lock its doors.",NA,NA,NA,NA,NA,NA,complete,none,,
item-000459,a2_claim,7797208395147217894,old_old,3,When did west germany win the world cup?,"The 1954 World Cup victory is historically referred to as the ""miracle of Bern"".","The 1954 victory is described as a ""miracle of Bern""",1,1,NA,NA,0,0,NA,,span_misaligned;meaning_changed,
item-000413,a2_claim,-4456614433280196572,old_old,1,What season does meredith and derek get married in grey's anatomy?,Meredith and Derek are married in the fifth season of the show.,Meredith and Derek get married in season five [3].,1,1,NA,NA,1,1,NA,,,
item-000332,a1_sentence,-3904805932335139116,old,1,What was the daughter's name on the jetsons?,Judy [2][4],,NA,0,0,0,NA,NA,NA,,meta_nonclaim,
item-000013,a2_claim,-5942352520455511076,new_new,4,Where can adipose tissue be found in the body?,Adipose tissue is situated between muscle fibers intermuscularly.,"Adipose tissue is located beneath the skin (subcutaneous fat) [1][4], around internal organs (visceral fat) [1][3], in bone marrow (yellow bone marrow) [1], intermuscularly [1], and in the breast tissue [1].",1,1,NA,NA,1,1,NA,,,
item-000338,a2_claim,-3904805932335139116,new_old,1,What was the daughter's name on the jetsons?,Judy Jetson is a character in the animated television series The Jetsons.,Judy Jetson [2],1,1,NA,NA,0,0,NA,,span_misaligned;meaning_changed,
item-000179,a1_sentence,6619094979746662600,old,1,Who wrote brown eyes by destiny's child?,I don't know.,,NA,0,0,0,NA,NA,NA,,meta_nonclaim,
item-000362,a1_sentence,-447198893588059167,old,1,Who played the father in leave it to beaver?,"Hugh Beaumont played the father, Ward Cleaver, in Leave It to Beaver.",,1,1,1,0,NA,NA,NA,,,
item-000295,a1_sentence,-5036947181661390825,old,1,When was the vietnam veterans war memorial built?,"The Vietnam Veterans Memorial was built and dedicated on November 13, 1982 [2].",,1,1,1,0,NA,NA,NA,,,
item-000041,a2_claim,-4649654703638364295,new_new,1,Who made it through the divisional finals world of dance?,The Lab team participated in and advanced to the divisional finals stage of the World of Dance competition.,The Lab made it through the divisional finals of World of Dance,1,1,NA,NA,1,1,NA,,,
item-000345,a2_claim,-5333049627570569397,old_new,1,When did the song can't touch this come out?,"""U Can't Touch This"" was released on February 12, 1990.","The song ""U Can't Touch This"" came out on February 12, 1990",1,1,NA,NA,1,1,NA,,,
item-000383,a1_sentence,-6702031255040326279,old,1,Which of the animal is a carrier of h1n1?,Household cats are a carrier of H1N1 [1].,,1,1,1,0,NA,NA,NA,,,
item-000513,a2_claim,3643093465010420057,new_old,2,What city in texas has the highest elevation?,Del Rio has an elevation of 1425 feet above sea level.,1425 feet above sea level [4],1,1,NA,NA,0,0,NA,,span_misaligned;meaning_changed,
item-000099,a2_case,-9141149438582194391,new_new,1,Who has scored the highest number of runs in test cricket?,"The evidence [2] states that the player in question is the only individual to have scored more than 30,000 runs in all forms of international cricket (Tests, ODIs, and Twenty20 Internationals). [2] specifically mentions this player as the first Indian to achieve this feat. Therefore, the player who has scored the highest number of runs in Test cricket is the one described in evidence [2]. [2]","- Evidence [2] identifies a player who has scored more than 30,000 runs across Tests, ODIs, and T20Is.
- The same evidence [2] notes that this player was the first Indian to surpass 30,000 international runs.",NA,NA,NA,NA,NA,NA,complete,none,,
item-000520,a2_claim,-8286966211355378010,old_old,1,What is the objective of tour de france?,The Tour de France aims to identify the top cyclist.,The objective of the Tour de France is to determine the best cyclist,1,1,NA,NA,1,1,NA,,,
item-000330,a2_claim,-4873786835306543030,new_new,1,Who is the chief minister of m. p?,Captain Amarinder Singh holds the office of Chief Minister for the state of Punjab.,Captain Amarinder Singh is the Chief Minister of Punjab,1,1,NA,NA,1,1,NA,,,
item-000515,a2_claim,3643093465010420057,new_new,1,What city in texas has the highest elevation?,Del Rio is the city in Texas with the highest elevation.,The city in Texas with the highest elevation is Del Rio [3].,1,1,NA,NA,1,1,NA,,,
item-000168,a2_case,-7699606393193219666,new_new,1,Who played cowboy curtis on pee wee herman?,"Kevin Bacon played Cowboy Curtis on Pee‑Wee Herman's CBS children's television show ""Pee‑wee's Playhouse."" [2]",- Kevin Bacon portrayed the character Cowboy Curtis in the CBS children's television series Pee‑Wee's Playhouse.,NA,NA,NA,NA,NA,NA,complete,none,,
item-000289,a2_case,-5564120845047915486,old_new,1,Where do you find a simple gear train?,"You can find a simple gear train in illustrations by the Renaissance scientist Georgius Agricola [2], which show gear trains with cylindrical teeth [1]. Additionally, gear trains are used in various mechanical systems, such as in clocks (both for the going train and striking train) [3], and in horology where a wheel train is the gear train of a clock or watch [3]. [1][2]","- Georgius Agricola illustrated a simple gear train in his works.
- The illustrations by Georgius Agricola depict gear trains having cylindrical teeth.
- Gear trains are employed in mechanical systems including clocks, specifically for the going train and striking train.
- In the field of horology, a wheel train serves as the gear train for clocks or watches.",NA,NA,NA,NA,NA,NA,partial,"lost modifying description ""Georgius Agricola is a Renaissance scientist""",fact_omission,
item-000230,a2_claim,6962706727076805207,old_old,2,What kind of car in to catch a thief?,Bait cars are equipped with audio and video surveillance technology for remote monitoring by law enforcement.,These vehicles are specifically modified with audio/video surveillance technology and can be remotely monitored and controlled by law enforcement.,1,1,NA,NA,0,0,NA,,span_misaligned;meaning_changed,
item-000465,a2_claim,7797208395147217894,old_new,4,When did west germany win the world cup?,"In the 1974 World Cup final, West Germany defeated the Netherlands with a score of 2–1.",the 1974 win is noted as the team defeating the Netherlands 2–1 in the final,1,1,NA,NA,0,0,NA,,span_misaligned;meaning_changed,
item-000638,a2_claim,-4995398567532229571,new_new,1,When did ragtime flourished in the united states?,"Ragtime was a popular musical genre in the United States during the late 19th century, emerging and gaining prominence from around the 1890s.","Ragtime flourished in the United States during the late 19th century, from around the 1890s onward",1,1,NA,NA,1,1,NA,,,
item-000617,a2_case,-3344541168958463110,old_old,1,Who fought with an angel in the bible?,"Jacob fought with an angel in the Bible [1][4]. The evidence [1] states that Jacob wrestling with the angel is an episode from Genesis (32:22-32), and [4] confirms that it was Jacob who wrestled with a man (identified later as God) in this encounter. [I don't know] if there are other biblical figures who fought with angels, as the provided evidence only mentions Jacob.","- Jacob fought with an angel in the Bible.
- The encounter was specifically with Jacob.",NA,NA,NA,NA,NA,NA,partial,"lost fact description ""Jacob wrestling with the angel is an episode from Genesis (32:22-32)""",fact_omission,
item-000324,a2_case,-4873786835306543030,old_old,1,Who is the chief minister of m. p?,The chief minister of Punjab (MP) is Captain Amarinder Singh [1].,- Captain Amarinder Singh holds the position of chief minister for Punjab (MP).,NA,NA,NA,NA,NA,NA,complete,none,,
item-000282,a2_claim,-5564120845047915486,old_old,3,Where do you find a simple gear train?,"Gear trains are employed in mechanical systems including clocks, specifically for the going train and striking train.","Additionally, gear trains are used in various mechanical systems, such as in clocks (both for the going train and striking train) [3]",1,1,NA,NA,1,1,NA,,,
item-000561,a2_case,6776234528515962047,old_new,1,Who is the most run in cricket history?,"The evidence [4] states that the individual who is described as ""the leading run scorer in Tests, with 15,921 runs, as well as in One-Day Internationals, with 18,426 runs"" is the most run scorer in cricket history. This person is also noted as the only player to score more than 30,000 runs in all forms of international cricket. [4]","- The described individual holds the record for the most runs scored in cricket history.
- The described individual is also noted as the only player to score more than 30,000 runs in all forms of international cricket.",NA,NA,NA,NA,NA,NA,partial,"lost fact description ""the individual who is described as ""the leading run scorer in Tests, with 15,921 runs, as well as in One-Day Internationals, with 18,426 runs""""",fact_omission,
item-000506,a2_case,-3279585462082900736,new_new,1,Who gets fired on grey's anatomy season 6?,Katherine Heigl gets fired on Grey's Anatomy season 6 [2].,"- Katherine Heigl's character, Dr. Izzie Stevens, is written out of Grey's Anatomy in season 6.",NA,NA,NA,NA,NA,NA,partial,"lost fact description ""Katherine Heigl gets fired on Grey's Anatomy season 6""",fact_omission,
item-000604,a2_case,-1062522255440685408,old_old,1,When did the first generation kindle fire come out?,The first generation Kindle Fire was released in November 2011 [1][3].,- The first generation Kindle Fire was launched in November 2011.,NA,NA,NA,NA,NA,NA,complete,none,,
item-000461,a2_case,7797208395147217894,old_old,1,When did west germany win the world cup?,"West Germany won the World Cup in 1954 and again in 1974 [1][2]. The 1954 victory is described as a ""miracle of Bern"" [2], and the 1974 win is noted as the team defeating the Netherlands 2–1 in the final [1]. [2]","- West Germany achieved the World Cup title in 1954.
- West Germany achieved the World Cup title in 1974.
- The 1954 World Cup victory is historically referred to as the ""miracle of Bern"".
- In the 1974 World Cup final, West Germany defeated the Netherlands with a score of 2–1.",NA,NA,NA,NA,NA,NA,complete,none,,
item-000216,a2_claim,743600309736467122,old_new,2,When was on the revolutions of the heavenly spheres published?,The work was published in the year 1543.,published in 1543,1,0,NA,NA,0,0,NA,,unresolved_reference;span_misaligned;meaning_changed,
item-000363,a1_sentence,-447198893588059167,old,2,Who played the father in leave it to beaver?,[4],,NA,0,0,0,NA,NA,NA,,citation_only,
item-000323,a2_claim,-4873786835306543030,old_old,1,Who is the chief minister of m. p?,Captain Amarinder Singh holds the position of chief minister for Punjab (MP).,The chief minister of Punjab (MP) is Captain Amarinder Singh,1,1,NA,NA,1,1,NA,,,
item-000137,a2_case,87005427005915954,new_old,1,When was the last time galway won the hurling all ireland?,Galway last won the Hurling All-Ireland title in 1987 [5].,- Galway achieved its most recent Hurling All-Ireland championship in 1987.,NA,NA,NA,NA,NA,NA,complete,none,,
item-000038,a1_sentence,-4649654703638364295,new,1,Who made it through the divisional finals world of dance?,The Lab made it through the divisional finals of World of Dance [3].,,1,1,1,0,NA,NA,NA,,,
item-000001,a1_sentence,-5942352520455511076,old,1,Where can adipose tissue be found in the body?,"Adipose tissue can be found beneath the skin (subcutaneous fat) [1][3], around internal organs (visceral fat) [1][3], in bone marrow (yellow bone marrow) [1], intermuscularly [1], and in the breast tissue [1].",,1,1,1,0,NA,NA,NA,,,
item-000056,a2_claim,586233275728240023,old_old,1,What is the os of samsung smart tv?,Samsung smart TVs use the Tizen operating system.,The OS of Samsung smart TVs is Tizen,1,1,NA,NA,1,1,NA,,,
item-000339,a2_case,-3904805932335139116,new_old,1,What was the daughter's name on the jetsons?,Judy Jetson [2],- Judy Jetson is a character in the animated television series The Jetsons.,NA,NA,NA,NA,NA,NA,NA,no facts in a1,,
item-000369,a2_claim,-447198893588059167,new_old,1,Who played the father in leave it to beaver?,"Hugh Beaumont portrayed the character Ward Cleaver in the television series ""Leave It to Beaver"".","Hugh Beaumont played the father, Ward Cleaver, in ""Leave It to Beaver""",1,1,NA,NA,1,1,NA,,,
item-000387,a2_case,-6702031255040326279,old_old,1,Which of the animal is a carrier of h1n1?,"Household cats are a carrier of H1N1 [1]. Additionally, dogs, ferrets, swine (including turkeys), and a cheetah have also been reported to carry the H1N1 virus [1].","- Household cats can carry the H1N1 virus.
- Dogs, ferrets, swine (such as turkeys), and a cheetah have been reported to carry the H1N1 virus.",NA,NA,NA,NA,NA,NA,complete,none,,
item-000347,a1_sentence,-5333049627570569397,new,1,When did the song can't touch this come out?,"The song ""U Can't Touch This"" came out on February 12, 1990 [3][4].",,1,1,1,0,NA,NA,NA,,,
item-000518,a1_sentence,-8286966211355378010,old,1,What is the objective of tour de france?,"The objective of the Tour de France is to determine the best cyclist through a series of day-long stages over 23 days, with the rider having the lowest cumulative finishing times becoming the leader of the race.",,0,1,1,0,NA,NA,NA,,multi_fact,
item-000145,a1_sentence,-5116644172939113883,new,1,Who raps in the gorillaz song clint eastwood?,"Del the Funky Homosapien raps the verses in the Gorillaz song ""Clint Eastwood"" [1][2].",,1,1,1,0,NA,NA,NA,,,
item-000124,a2_case,7150599999316106461,old_new,1,Who was the first singing brothers in the hall of fame?,"The Everly Brothers were the first singing brothers inducted into the Rock and Roll Hall of Fame in 1986 [1]. They were also inducted into the Country Music Hall of Fame in 2001 [5]. The evidence [1] directly states their induction into the Rock and Roll Hall of Fame, which answers the question about who was the first singing brothers in the hall of fame.","- The Everly Brothers were the first singing brothers to be inducted into the Rock and Roll Hall of Fame, which occurred in 1986.
- The Everly Brothers were inducted into the Country Music Hall of Fame in 2001.",NA,NA,NA,NA,NA,NA,complete,none,,
item-000106,a2_case,-99543908387769967,old_old,1,Who does sansa marry on game of thrones?,"Sansa marries Tyrion Lannister on Game of Thrones [5]. However, there are multiple marriages mentioned in the evidence: she is initially set to marry Willas Tyrell [1], then later marries Ramsay Bolton [4], and finally agrees to marry Tyrion Lannister [5]. The evidence suggests that the most significant and final marriage depicted is with Tyrion Lannister. [5]","- Sansa Stark marries Tyrion Lannister in the television series Game of Thrones.
- Sansa Stark was initially arranged to marry Willas Tyrell.",NA,NA,NA,NA,NA,NA,partial,"lost fact description ""Sansa Stark later marries Ramsay Bolton""",fact_omission,
item-000336,a2_case,-3904805932335139116,old_new,1,What was the daughter's name on the jetsons?,Judy [2][4],- The name 'Judy' is mentioned in sources labeled 2 and 4.,NA,NA,NA,NA,NA,NA,NA,no facts in a1,,
item-000544,a2_case,4150448921344430432,old_old,1,Who were the original twins in everybody loves raymond?,The original twins in Everybody Loves Raymond were Matthew and Gregory [5]. They were later renamed to Geoffrey and Michael on screen [5]. [5],"- Matthew and Gregory were the original twins in the television show Everybody Loves Raymond.
- Matthew and Gregory were later renamed to Geoffrey and Michael for the show's on-screen presentation.",NA,NA,NA,NA,NA,NA,complete,none,,
item-000264,a2_case,732619765350082410,new_new,1,When did toronto host the mlb all-star game?,"The Toronto Blue Jays hosted the Major League Baseball All-Star Game on July 9, 1991 [1].","- The Toronto Blue Jays were the host team for the Major League Baseball All-Star Game on July 9, 1991.",NA,NA,NA,NA,NA,NA,complete,none,,
item-000285,a2_claim,-5564120845047915486,old_new,1,Where do you find a simple gear train?,Georgius Agricola illustrated a simple gear train in his works.,You can find a simple gear train in illustrations by the Renaissance scientist Georgius Agricola [2],1,1,NA,NA,1,1,NA,,,
item-000201,a2_claim,6514531923811923780,old_old,1,When does disney's food and wine festival end?,"The Disney's Food and Wine Festival also concluded on November 12, 2018.","and also ends on November 12th, 2018",1,1,NA,NA,0,0,NA,,span_misaligned;meaning_changed,
item-000337,a1_sentence,-3904805932335139116,new,1,What was the daughter's name on the jetsons?,Judy Jetson [2],,NA,0,0,0,NA,NA,NA,,meta_nonclaim,
item-000209,a2_claim,6514531923811923780,new_new,1,When does disney's food and wine festival end?,The festival concludes on November 13.,The Epcot International Food & Wine Festival ends on November 13,1,0,NA,NA,1,1,NA,,unresolved_reference,
item-000371,a2_claim,-447198893588059167,new_new,1,Who played the father in leave it to beaver?,"Hugh Beaumont portrayed the character Ward Cleaver in the television series ""Leave It to Beaver"".","Hugh Beaumont played the father, Ward Cleaver, in ""Leave It to Beaver""",1,1,NA,NA,1,1,NA,,,
item-000107,a2_claim,-99543908387769967,old_new,1,Who does sansa marry on game of thrones?,Sansa Stark marries Tyrion Lannister in the television series Game of Thrones.,Sansa marries Tyrion Lannister on Game of Thrones [5].,1,1,NA,NA,1,1,NA,,,
item-000405,a2_claim,4183252176965080529,old_new,3,When does the new independence day come out?,"After multiple rescheduling events, the final confirmed release date for Independence Day: Resurgence was June 24, 2016.","with the final release date announced as June 24, 2016",1,1,NA,NA,0,0,NA,,span_misaligned;meaning_changed,
item-000415,a2_claim,-4456614433280196572,old_new,1,What season does meredith and derek get married in grey's anatomy?,Meredith and Derek are married in the fifth season of the show.,Meredith and Derek get married in season five [3].,1,0,NA,NA,1,1,NA,,unresolved_reference,
item-000197,a2_claim,-2585133819352441604,new_new,1,Name of first episode of this is us?,The title of the first episode of the TV series This Is Us is Remember.,"The first episode of This Is Us is called ""Remember""",1,1,NA,NA,1,1,NA,,,
item-000491,a2_case,6257465985316109835,old_new,1,Who is the main character in liv and maddie?,The main character in Liv and Maddie is Liv Rooney [1][3].,- Liv Rooney is the main character in the television series Liv and Maddie.,NA,NA,NA,NA,NA,NA,complete,none,,
item-000370,a2_case,-447198893588059167,new_old,1,Who played the father in leave it to beaver?,"Hugh Beaumont played the father, Ward Cleaver, in ""Leave It to Beaver"" [4].","- Hugh Beaumont portrayed the character Ward Cleaver in the television series ""Leave It to Beaver"".",NA,NA,NA,NA,NA,NA,complete,none,,
item-000097,a2_claim,-9141149438582194391,new_new,1,Who has scored the highest number of runs in test cricket?,"Evidence [2] identifies a player who has scored more than 30,000 runs across Tests, ODIs, and T20Is.","The evidence [2] states that the player in question is the only individual to have scored more than 30,000 runs in all forms of international cricket (Tests, ODIs, and Twenty20 Internationals).",NA,1,NA,NA,1,1,NA,,meta_nonclaim,
item-000084,a2_claim,-9141149438582194391,old_old,3,Who has scored the highest number of runs in test cricket?,"The player is the only one to have scored more than 30,000 runs across Tests, ODIs, and Twenty20s.","He is also the only player to have scored more than 30,000 runs in all forms of international cricket (Tests, ODIs, and Twenty20s).",1,0,NA,NA,1,1,NA,,unresolved_reference,
item-000176,a2_case,1763163294931046731,new_old,1,Who played violet rutherford on leave it to beaver?,"Veronica Cartwright played Violet Rutherford on ""Leave It to Beaver"" [4].","- Veronica Cartwright portrayed the character Violet Rutherford in the television series ""Leave It to Beaver"".",NA,NA,NA,NA,NA,NA,complete,none,,
item-000325,a2_claim,-4873786835306543030,old_new,1,Who is the chief minister of m. p?,Captain Amarinder Singh holds the position of chief minister for Punjab (MP).,The chief minister of Punjab (MP) is Captain Amarinder Singh,1,1,NA,NA,1,1,NA,,,
item-000234,a2_claim,6962706727076805207,old_new,2,What kind of car in to catch a thief?,Bait cars are equipped with audio and video surveillance technology for remote monitoring by law enforcement.,These vehicles are specifically modified with audio/video surveillance technology and can be remotely monitored and controlled by law enforcement.,1,1,NA,NA,0,0,NA,,span_misaligned;meaning_changed,
item-000588,a2_case,2469112227919120438,new_new,1,The creation of the senate was based on the?,The creation of the United States Senate was based on the United States Constitution [2].,- The United States Senate was established by the United States Constitution.,NA,NA,NA,NA,NA,NA,complete,none,,
item-000173,a2_case,1763163294931046731,old_new,1,Who played violet rutherford on leave it to beaver?,Veronica Cartwright played Violet Rutherford on Leave It to Beaver [2].,- Veronica Cartwright portrayed the character Violet Rutherford in the television series Leave It to Beaver.,NA,NA,NA,NA,NA,NA,complete,none,,
item-000195,a2_claim,-2585133819352441604,new_old,1,Name of first episode of this is us?,The title of the first episode of the TV series This Is Us is Remember.,"The first episode of This Is Us is called ""Remember""",1,1,NA,NA,1,1,NA,,,
item-000174,a1_sentence,1763163294931046731,new,1,Who played violet rutherford on leave it to beaver?,"Veronica Cartwright played Violet Rutherford on ""Leave It to Beaver"" [4].",,1,1,1,0,NA,NA,NA,,,
item-000144,a2_case,-5116644172939113883,old_new,1,Who raps in the gorillaz song clint eastwood?,"Del the Funky Homosapien raps the verses in the Gorillaz song ""Clint Eastwood"" [1][2].","- Del the Funky Homosapien performed the rap verses for the Gorillaz song ""Clint Eastwood"".",NA,NA,NA,NA,NA,NA,complete,none,,
item-000228,a1_sentence,6962706727076805207,old,4,What kind of car in to catch a thief?,[1][3],,NA,0,0,0,NA,NA,NA,,citation_only,
item-000035,a2_case,-4649654703638364295,old_old,1,Who made it through the divisional finals world of dance?,"The Lab, Les Twins, Kinjaz, and Keone & Mari made it through the divisional finals of World of Dance [3].","- The Lab, Les Twins, Kinjaz, and Keone & Mari participated in the divisional finals of World of Dance.",NA,NA,NA,NA,NA,NA,complete,none,,
item-000212,a2_claim,743600309736467122,old_old,1,When was on the revolutions of the heavenly spheres published?,The title of the work is 'On the Revolutions of the Heavenly Spheres'.,On the Revolutions of the Heavenly Spheres,1,1,NA,NA,0,0,NA,,span_misaligned;meaning_changed,
item-000256,a2_claim,732619765350082410,old_old,1,When did toronto host the mlb all-star game?,"The 1991 Major League Baseball All-Star Game was held at SkyDome in Toronto on July 9, 1991.","Toronto hosted the MLB All-Star Game on July 9, 1991",1,1,NA,NA,1,1,NA,,,
item-000196,a2_case,-2585133819352441604,new_old,1,Name of first episode of this is us?,"The first episode of This Is Us is called ""Remember"" [3].",- The title of the first episode of the TV series This Is Us is Remember.,NA,NA,NA,NA,NA,NA,complete,none,,
item-000501,a2_case,-3279585462082900736,old_new,1,Who gets fired on grey's anatomy season 6?,Katherine Heigl gets fired on Grey's Anatomy season 6 [2].,"- Katherine Heigl's character, Dr. Izzie Stevens, is written out of Grey's Anatomy in season 6.",NA,NA,NA,NA,NA,NA,partial,"lost fact description ""Katherine Heigl gets fired on Grey's Anatomy season 6""",fact_omission,
item-000340,a2_claim,-3904805932335139116,new_new,1,What was the daughter's name on the jetsons?,Judy Jetson is a character in the animated television series The Jetsons.,Judy Jetson [2],1,1,NA,NA,0,0,NA,,span_misaligned;meaning_changed,
item-000313,a2_case,16881061444712536,old_new,1,Where does the amazon river start and finish?,The Amazon River starts at its headwaters in the Cordillera Rumi Cruz at the headwaters of the Mantaro River in Peru [1]. It finishes at the Atlantic Ocean [5]. [1][5],"- The Amazon River's headwaters are located in the Cordillera Rumi Cruz, at the Mantaro River in Peru.
- The Amazon River ends at the Atlantic Ocean.",NA,NA,NA,NA,NA,NA,complete,none,,
item-000286,a2_claim,-5564120845047915486,old_new,2,Where do you find a simple gear train?,The illustrations by Georgius Agricola depict gear trains having cylindrical teeth.,which show gear trains with cylindrical teeth [1],1,1,NA,NA,0,0,NA,,span_misaligned;meaning_changed,
item-000631,a2_case,-4995398567532229571,old_old,1,When did ragtime flourished in the united states?,"Ragtime flourished in the United States during the latter part of the 19th century, particularly in the 1890s [1][3]. The evidence indicates that more sophisticated African‑American styles, including ragtime, became popular around this time, and by the start of the 20th century it was widely popular throughout North America [3]. 

So the answer is: Ragtime flourished in the United States in the late 19th century, around the 1890s [1][3].","- Ragtime became popular in the United States in the late 19th century, around the 1890s.
- By the start of the 20th century, ragtime was widely popular throughout North America.",NA,NA,NA,NA,NA,NA,complete,none,,
item-000316,a2_claim,16881061444712536,new_old,1,Where does the amazon river start and finish?,The Amazon River originates at the headwaters of the Cordillera Rumi Cruz mountain range located in Peru.,The Amazon River starts at the headwaters of the Cordillera Rumi Cruz in Peru,1,1,NA,NA,1,1,NA,,,
item-000054,a2_case,-5842265707961388968,new_new,1,Who beat villanova last year in the ncaa tournament?,North Carolina Tar Heels beat Villanova in the National Semi-Finals of the 2015 NCAA Tournament [3].,- The North Carolina Tar Heels basketball team defeated the Villanova Wildcats in the National Semi-Finals during the 2015 NCAA Tournament.,NA,NA,NA,NA,NA,NA,complete,none,,
item-000327,a1_sentence,-4873786835306543030,new,1,Who is the chief minister of m. p?,Captain Amarinder Singh is the Chief Minister of Punjab [1].,,1,1,1,0,NA,NA,NA,,,
item-000326,a2_case,-4873786835306543030,old_new,1,Who is the chief minister of m. p?,The chief minister of Punjab (MP) is Captain Amarinder Singh [1].,- Captain Amarinder Singh holds the position of chief minister for Punjab (MP).,NA,NA,NA,NA,NA,NA,complete,none,,
item-000279,a1_sentence,-5564120845047915486,old,3,Where do you find a simple gear train?,[1][2],,NA,0,0,0,NA,NA,NA,,citation_only,
item-000498,a2_claim,-3279585462082900736,old_old,1,Who gets fired on grey's anatomy season 6?,"Katherine Heigl's character, Dr. Izzie Stevens, is written out of Grey's Anatomy in season 6.",Katherine Heigl gets fired on Grey's Anatomy season 6,1,1,NA,NA,0,0,NA,,span_misaligned;meaning_changed,
item-000048,a2_case,-5842265707961388968,old_old,1,Who beat villanova last year in the ncaa tournament?,"Kansas beat Villanova in the NCAA Tournament last year [5]. The evidence [5] states that ""Villanova blew out Miami by a score of 92–69. In the South regional Final, with Villanova leading 62–59, Mikal Bridges made a steal before Frank Mason III could shoot a potential game-tying three-pointer, and Jalen Brunson made the ensuing free throws and Villanova beat the #1-overall seed Kansas 64–59 to advance to"". This indicates that Kansas was the team Villanova faced and ultimately lost to in the final. [5]",,NA,NA,NA,NA,NA,NA,none,all the facts in a1 were lost,fact_omission,
item-000567,a2_case,6776234528515962047,new_new,1,Who is the most run in cricket history?,The evidence indicates that the most run scorer in cricket history is Sachin Tendulkar [4]. 1,- Sachin Tendulkar is recognized as the most run scorer in cricket history.,NA,NA,NA,NA,NA,NA,complete,none,,
item-000117,a1_sentence,7150599999316106461,old,2,Who was the first singing brothers in the hall of fame?,They were also inducted into the Country Music Hall of Fame in 2001 [5].,,1,0,1,1,NA,NA,NA,,unresolved_reference,
item-000423,a1_sentence,7494804303418493420,old,2,Movie with the song sunshine on my shoulders?,[1],,NA,0,0,0,NA,NA,NA,,citation_only,
item-000377,a2_case,8433533625736230886,old_new,1,Who has won the most trophies man utd or liverpool?,Manchester United has won the most trophies [1][2][3].,- Manchester United has won more trophies than any other football club.,NA,NA,NA,NA,NA,NA,complete,none,,
item-000596,a2_case,-728189424752983312,old_new,1,Where did the term bye felicia come from?,"The term ""Bye, Felicia"" came from a scene in the American stoner buddy crime comedy film ""Friday"" (1995) [1]. It was originally used in that film and is attributed to Ice Cube, who starred in and co-wrote the script [1].","- The phrase ""Bye, Felicia"" originated in the 1995 film ""Friday"".
- Ice Cube, who starred and co-wrote ""Friday"", is credited with originating the phrase ""Bye, Felicia"".",NA,NA,NA,NA,NA,NA,partial,"lost modifying description ""American stoner buddy crime comedy film""",fact_omission,
item-000239,a2_case,6962706727076805207,new_old,1,What kind of car in to catch a thief?,"A bait car used to catch a thief is typically a vehicle that is modified with audio/video surveillance technology, GPS tracking, and possibly a ""kill switch"" for remote disabling [1][3].","- Bait cars often include audio/video surveillance technology, GPS tracking, and a kill switch for remote disabling.",NA,NA,NA,NA,NA,NA,partial,"lost modifying description ""bait car used to catch a thief""",fact_omission,
item-000466,a2_case,7797208395147217894,old_new,1,When did west germany win the world cup?,"West Germany won the World Cup in 1954 and again in 1974 [1][2]. The 1954 victory is described as a ""miracle of Bern"" [2], and the 1974 win is noted as the team defeating the Netherlands 2–1 in the final [1]. [2]","- West Germany achieved the World Cup title in 1954.
- West Germany achieved the World Cup title in 1974.
- The 1954 World Cup victory is historically referred to as the ""miracle of Bern"".
- In the 1974 World Cup final, West Germany defeated the Netherlands with a score of 2–1.",NA,NA,NA,NA,NA,NA,complete,none,,
item-000618,a2_claim,-3344541168958463110,old_new,1,Who fought with an angel in the bible?,Jacob fought with an angel in the Bible.,Jacob wrestling with the angel is an episode from Genesis (32:22-32),1,1,NA,NA,0,0,NA,,span_misaligned;meaning_changed,
item-000450,a2_claim,3605104154738105404,new_old,1,What episode does jason gideon die in criminal minds?,"Jason Gideon character dies in the TV episode titled ""Nelson's Sparrow"" which is from Season 10.","Jason Gideon dies in the Season 10 episode ""Nelson's Sparrow""",1,1,NA,NA,1,1,NA,,,
item-000007,a2_claim,-5942352520455511076,new_old,1,Where can adipose tissue be found in the body?,Adipose tissue exists beneath the skin as subcutaneous fat.,Adipose tissue is located beneath the skin (subcutaneous fat),1,1,NA,NA,1,1,NA,,,
item-000262,a2_case,732619765350082410,new_old,1,When did toronto host the mlb all-star game?,"The Toronto Blue Jays hosted the Major League Baseball All-Star Game on July 9, 1991 [1].","- The Toronto Blue Jays were the host team for the Major League Baseball All-Star Game on July 9, 1991.",NA,NA,NA,NA,NA,NA,complete,none,,
item-000502,a1_sentence,-3279585462082900736,new,1,Who gets fired on grey's anatomy season 6?,Katherine Heigl gets fired on Grey's Anatomy season 6 [2].,,1,1,1,0,NA,NA,NA,,,
item-000219,a2_claim,743600309736467122,new_old,1,When was on the revolutions of the heavenly spheres published?,The title of the work is 'On the Revolutions of the Heavenly Spheres'.,On the Revolutions of the Heavenly Spheres,1,1,NA,NA,0,0,NA,,span_misaligned;meaning_changed,
item-000382,a2_case,8433533625736230886,new_new,1,Who has won the most trophies man utd or liverpool?,Manchester United has won more trophies than Liverpool [1][2].,- Manchester United has a higher total number of trophies than Liverpool.,NA,NA,NA,NA,NA,NA,complete,none,,
item-000388,a2_claim,-6702031255040326279,old_new,1,Which of the animal is a carrier of h1n1?,Household cats can carry the H1N1 virus.,Household cats are a carrier of H1N1 [1].,1,1,NA,NA,1,1,NA,,,
item-000113,a2_case,-99543908387769967,new_old,1,Who does sansa marry on game of thrones?,Sansa Stark marries Ramsay Bolton on Game of Thrones [4].,- Sansa Stark is married to Ramsay Bolton in the television series Game of Thrones.,NA,NA,NA,NA,NA,NA,complete,none,,
item-000175,a2_claim,1763163294931046731,new_old,1,Who played violet rutherford on leave it to beaver?,"Veronica Cartwright portrayed the character Violet Rutherford in the television series ""Leave It to Beaver"".","Veronica Cartwright played Violet Rutherford on ""Leave It to Beaver""",1,1,NA,NA,1,1,NA,,,
item-000358,a2_claim,-62521546794442829,new_old,1,For whom was the battle of king's mountain a victory?,The Patriots won the Battle of King's Mountain.,The battle of King's Mountain was a victory for the Patriots,1,1,NA,NA,1,1,NA,,,
item-000407,a1_sentence,4183252176965080529,new,1,When does the new independence day come out?,"The new Independence Day, ""Independence Day: Resurgence,"" was released in the United States on June 24, 2016 [2].",,1,1,1,0,NA,NA,NA,,,
item-000005,a2_case,-5942352520455511076,old_new,1,Where can adipose tissue be found in the body?,"Adipose tissue can be found beneath the skin (subcutaneous fat) [1][3], around internal organs (visceral fat) [1][3], in bone marrow (yellow bone marrow) [1], intermuscularly [1], and in the breast tissue [1]. It is also located behind the eyeball, kidney, omenta, mesentry, in elephant and whale blubber, and the hump of a camel [2]. [1][2][3]",,NA,NA,NA,NA,NA,NA,none,all the facts in a1 were lost,fact_omission,
item-000259,a2_case,732619765350082410,old_new,1,When did toronto host the mlb all-star game?,"Toronto hosted the MLB All-Star Game on July 9, 1991 [1]. The answer is bracketed by [1] because the evidence states that the 1991 Major League Baseball All-Star Game was held at SkyDome in Toronto on that date.","- The 1991 Major League Baseball All-Star Game was held at SkyDome in Toronto on July 9, 1991.",NA,NA,NA,NA,NA,NA,complete,none,,
item-000272,a1_sentence,4474597907223412132,new,1,Who were the two astronauts who stayed a year on the iss?,Scott Kelly and Mikhail Korniyenko were the two astronauts who stayed a year on the ISS [2].,,1,1,1,0,NA,NA,NA,,,
item-000162,a2_case,-7699606393193219666,old_new,1,Who played cowboy curtis on pee wee herman?,Kevin Bacon [1],,NA,NA,NA,NA,NA,NA,NA,no facts in a1,,
item-000532,a2_claim,-8286966211355378010,new_old,2,What is the objective of tour de france?,"The competition consists of multiple stages, each lasting a day.",through a series of day-long stages,1,0,NA,NA,0,0,NA,,unresolved_reference;span_misaligned;meaning_changed,
item-000372,a2_case,-447198893588059167,new_new,1,Who played the father in leave it to beaver?,"Hugh Beaumont played the father, Ward Cleaver, in ""Leave It to Beaver"" [4].","- Hugh Beaumont portrayed the character Ward Cleaver in the television series ""Leave It to Beaver"".",NA,NA,NA,NA,NA,NA,complete,none,,
item-000311,a2_claim,16881061444712536,old_new,1,Where does the amazon river start and finish?,"The Amazon River's headwaters are located in the Cordillera Rumi Cruz, at the Mantaro River in Peru.",The Amazon River starts at its headwaters in the Cordillera Rumi Cruz at the headwaters of the Mantaro River in Peru,1,1,NA,NA,1,1,NA,,,
item-000250,a2_claim,-3228483207040151533,new_old,1,What bodies of water surround cabo san lucas?,Cabo San Lucas is geographically located between the Pacific Ocean and the Gulf of California.,The Pacific Ocean and the Gulf of California surround Cabo San Lucas.,1,1,NA,NA,1,1,NA,,,
item-000429,a2_case,7494804303418493420,new_old,1,Movie with the song sunshine on my shoulders?,"The movie ""Sunshine"" aired on NBC in 1973 and used the song ""Sunshine on My Shoulders"" as its theme [1].","- The movie ""Sunshine"" was broadcast on NBC television in the year 1973.
- The theme song for the movie ""Sunshine"" was ""Sunshine on My Shoulders"".",NA,NA,NA,NA,NA,NA,complete,none,,
item-000132,a2_case,87005427005915954,old_old,1,When was the last time galway won the hurling all ireland?,The last time Galway won the Hurling All Ireland was in 1987 [5].,- Galway achieved its most recent Hurling All Ireland victory in 1987.,NA,NA,NA,NA,NA,NA,complete,none,,
item-000314,a1_sentence,16881061444712536,new,1,Where does the amazon river start and finish?,The Amazon River starts at the headwaters of the Cordillera Rumi Cruz in Peru [1][4].,,1,1,1,0,NA,NA,NA,,,
item-000523,a2_claim,-8286966211355378010,old_old,4,What is the objective of tour de france?,The cyclist with the fastest overall time across all stages is declared the race leader.,with the rider having the lowest cumulative finishing times becoming the leader of the race,1,1,NA,NA,1,1,NA,,,
item-000585,a2_claim,2469112227919120438,new_old,1,The creation of the senate was based on the?,The United States Senate was established by the United States Constitution.,The creation of the United States Senate was based on the United States Constitution,1,1,NA,NA,1,1,NA,,,
item-000079,a1_sentence,-9141149438582194391,old,1,Who has scored the highest number of runs in test cricket?,"The evidence [2] indicates that the player with the highest number of runs in test cricket is the one who scored 15,921 runs in Tests, as well as 18,426 runs in One-Day Internationals.",,NA,0,0,0,NA,NA,NA,,meta_nonclaim,
item-000392,a2_claim,-6702031255040326279,new_old,1,Which of the animal is a carrier of h1n1?,Household cats can carry the H1N1 influenza virus.,Household cats have been reported as carriers of the H1N1 influenza virus,1,1,NA,NA,1,1,NA,,,
item-000074,a2_case,-4286108617234818000,new_old,1,When does the new super troopers movie come out?,"""Super Troopers 2"" was released by Fox Searchlight Pictures on April 20, 2018 [1].","- Super Troopers 2 is a film title.
- Fox Searchlight Pictures was the distributor of Super Troopers 2.
- Super Troopers 2 was released on April 20, 2018.",NA,NA,NA,NA,NA,NA,complete,none,,
item-000012,a2_claim,-5942352520455511076,new_new,3,Where can adipose tissue be found in the body?,Adipose tissue is present in the yellow bone marrow of bones.,"Adipose tissue is located beneath the skin (subcutaneous fat) [1][4], around internal organs (visceral fat) [1][3], in bone marrow (yellow bone marrow) [1], intermuscularly [1], and in the breast tissue [1].",1,1,NA,NA,1,1,NA,,,
item-000353,a2_claim,-62521546794442829,old_old,1,For whom was the battle of king's mountain a victory?,The Patriots won the Battle of King's Mountain.,The battle of King's Mountain was a victory for the Patriots,1,1,NA,NA,1,1,NA,,,
item-000014,a2_claim,-5942352520455511076,new_new,5,Where can adipose tissue be found in the body?,Adipose tissue is found in the breast tissue.,"Adipose tissue is located beneath the skin (subcutaneous fat) [1][4], around internal organs (visceral fat) [1][3], in bone marrow (yellow bone marrow) [1], intermuscularly [1], and in the breast tissue [1].",1,1,NA,NA,1,1,NA,,,
item-000496,a2_case,6257465985316109835,new_new,1,Who is the main character in liv and maddie?,Dove Cameron is the main character in Liv and Maddie [3].,- Dove Cameron plays the role of Liv in the television series Liv and Maddie.,NA,NA,NA,NA,NA,NA,complete,none,,
item-000420,a2_claim,-4456614433280196572,new_new,1,What season does meredith and derek get married in grey's anatomy?,Meredith and Derek are married in the fifth season of the show.,Meredith and Derek get married in season five [3].,1,1,NA,NA,1,1,NA,,,
item-000029,a2_claim,-7824075627194227170,new_old,1,When was the commission fir sc/st established?,The first commission for Scheduled Castes and Scheduled Tribes was established in August 1978.,The first commission for Scheduled Castes and Scheduled Tribes was established in August 1978,1,1,NA,NA,1,1,NA,,,
item-000414,a2_case,-4456614433280196572,old_old,1,What season does meredith and derek get married in grey's anatomy?,Meredith and Derek get married in season five [3].,- Meredith and Derek are married in the fifth season of the show.,NA,NA,NA,NA,NA,NA,complete,none,,
item-000293,a2_claim,-5564120845047915486,new_new,1,Where do you find a simple gear train?,"The Antikythera mechanism, an ancient Greek device, contains a simple gear train.",A simple gear train can be found in the Antikythera mechanism of Greece,1,1,NA,NA,1,1,NA,,,
item-000255,a1_sentence,732619765350082410,old,2,When did toronto host the mlb all-star game?,The answer is bracketed by [1] because the evidence states that the 1991 Major League Baseball All-Star Game was held at SkyDome in Toronto on that date.,,NA,0,0,0,NA,NA,NA,,meta_nonclaim,
item-000042,a2_case,-4649654703638364295,new_new,1,Who made it through the divisional finals world of dance?,The Lab made it through the divisional finals of World of Dance [3].,- The Lab team participated in and advanced to the divisional finals stage of the World of Dance competition.,NA,NA,NA,NA,NA,NA,complete,none,,
item-000366,a2_claim,-447198893588059167,old_new,1,Who played the father in leave it to beaver?,Hugh Beaumont portrayed the character Ward Cleaver in the television series Leave It to Beaver.,"Hugh Beaumont played the father, Ward Cleaver, in Leave It to Beaver.",1,1,NA,NA,1,1,NA,,,
item-000069,a2_case,-4286108617234818000,old_new,1,When does the new super troopers movie come out?,"The new Super Troopers movie, Super Troopers 2, was released on April 20, 2018 [1].","- Super Troopers 2 was released on April 20, 2018.",NA,NA,NA,NA,NA,NA,partial,"lost modifying description ""The new Super Troopers movie""",fact_omission,
item-000583,a2_case,2469112227919120438,old_new,1,The creation of the senate was based on the?,"The creation of the U.S. Senate was based on the need for equal suffrage for small states in the national legislature, as mentioned in evidence [1]. This requirement arose from the refusal of small states to endorse the US Constitution unless they received equal representation, which led to the Senate's establishment to ensure this balance [1]. Additionally, the Senate was originally conceived as a body to oversee judicial, financial, and administrative affairs during the monarch's absence, later becoming permanent (evidence [3]). [1]","- The U.S. Senate was established to provide equal representation for small states in the national legislature.
- Small states refused to ratify the US Constitution without guaranteed equal representation, which led to the creation of the Senate.
- The Senate was created to ensure equal representation for small states.
- The original purpose of the Senate was to oversee judicial, financial, and administrative affairs when the monarch was not present.
- The Senate's role evolved from temporary oversight to a permanent body.",NA,NA,NA,NA,NA,NA,complete,none,,
item-000431,a2_claim,7494804303418493420,new_new,2,Movie with the song sunshine on my shoulders?,"The theme song for the movie ""Sunshine"" was ""Sunshine on My Shoulders"".","The movie ""Sunshine"" aired on NBC in 1973 and used the song ""Sunshine on My Shoulders"" as its theme [1].",1,1,NA,NA,1,1,NA,,,
item-000053,a2_claim,-5842265707961388968,new_new,1,Who beat villanova last year in the ncaa tournament?,The North Carolina Tar Heels basketball team defeated the Villanova Wildcats in the National Semi-Finals during the 2015 NCAA Tournament.,North Carolina Tar Heels beat Villanova in the National Semi-Finals of the 2015 NCAA Tournament,1,1,NA,NA,1,1,NA,,,
item-000432,a2_case,7494804303418493420,new_new,1,Movie with the song sunshine on my shoulders?,"The movie ""Sunshine"" aired on NBC in 1973 and used the song ""Sunshine on My Shoulders"" as its theme [1].","- The movie ""Sunshine"" was broadcast on NBC television in the year 1973.
- The theme song for the movie ""Sunshine"" was ""Sunshine on My Shoulders"".",NA,NA,NA,NA,NA,NA,complete,none,,
item-000092,a1_sentence,-9141149438582194391,new,3,Who has scored the highest number of runs in test cricket?,"Therefore, the player who has scored the highest number of runs in Test cricket is the one described in evidence [2].",,NA,0,0,0,NA,NA,NA,,meta_nonclaim,
item-000257,a2_case,732619765350082410,old_old,1,When did toronto host the mlb all-star game?,"Toronto hosted the MLB All-Star Game on July 9, 1991 [1]. The answer is bracketed by [1] because the evidence states that the 1991 Major League Baseball All-Star Game was held at SkyDome in Toronto on that date.","- The 1991 Major League Baseball All-Star Game was held at SkyDome in Toronto on July 9, 1991.",NA,NA,NA,NA,NA,NA,complete,none,,
item-000573,a2_claim,2469112227919120438,old_old,2,The creation of the senate was based on the?,"Small states refused to ratify the US Constitution without guaranteed equal representation, which led to the creation of the Senate.",as mentioned in evidence [1]. This requirement arose from the refusal of small states to endorse the US Constitution unless they received equal representation,1,1,NA,NA,1,1,NA,,,
item-000453,a2_case,3605104154738105404,new_new,1,What episode does jason gideon die in criminal minds?,"Jason Gideon dies in the Season 10 episode ""Nelson's Sparrow"" [1][4].","- Jason Gideon character dies in the TV episode titled ""Nelson's Sparrow"" which is from Season 10.",NA,NA,NA,NA,NA,NA,complete,none,,
item-000409,a2_case,4183252176965080529,new_old,1,When does the new independence day come out?,"The new Independence Day, ""Independence Day: Resurgence,"" was released in the United States on June 24, 2016 [2].","- Independence Day: Resurgence was released in the United States on June 24, 2016.",NA,NA,NA,NA,NA,NA,partial,"lost modifying description ""The new Independence Day""",fact_omission,
item-000354,a2_case,-62521546794442829,old_old,1,For whom was the battle of king's mountain a victory?,The battle of King's Mountain was a victory for the Patriots [1][2][3][4].,- The Patriots won the Battle of King's Mountain.,NA,NA,NA,NA,NA,NA,complete,none,,
item-000477,a1_sentence,2221044921312683785,old,3,When did the apple tv 4k come out?,[2],,NA,0,0,0,NA,NA,NA,,citation_only,
item-000555,a1_sentence,6776234528515962047,old,3,Who is the most run in cricket history?,[4],,NA,0,0,0,NA,NA,NA,,citation_only,
item-000193,a2_case,-2585133819352441604,old_new,1,Name of first episode of this is us?,"The first episode of This Is Us is called ""Remember."" [3]",- The title of the first episode of the TV series This Is Us is Remember.,NA,NA,NA,NA,NA,NA,complete,none,,
item-000410,a2_claim,4183252176965080529,new_new,1,When does the new independence day come out?,"Independence Day: Resurgence was released in the United States on June 24, 2016.","was released in the United States on June 24, 2016",1,1,NA,NA,0,0,NA,,span_misaligned;meaning_changed,
item-000238,a2_claim,6962706727076805207,new_old,1,What kind of car in to catch a thief?,"Bait cars often include audio/video surveillance technology, GPS tracking, and a kill switch for remote disabling.","A bait car used to catch a thief is typically a vehicle that is modified with audio/video surveillance technology, GPS tracking, and possibly a ""kill switch"" for remote disabling",1,1,NA,NA,1,1,NA,,,
item-000275,a2_claim,4474597907223412132,new_new,1,Who were the two astronauts who stayed a year on the iss?,Scott Kelly and Mikhail Korniyenko were the two astronauts who spent a year on the International Space Station.,Scott Kelly and Mikhail Korniyenko were the two astronauts who stayed a year on the ISS,1,1,NA,NA,1,1,NA,,,
item-000297,a2_case,-5036947181661390825,old_old,1,When was the vietnam veterans war memorial built?,"The Vietnam Veterans Memorial was built and dedicated on November 13, 1982 [2].","- The Vietnam Veterans Memorial was constructed and officially dedicated on November 13, 1982.",NA,NA,NA,NA,NA,NA,complete,none,,
item-000636,a2_claim,-4995398567532229571,new_old,1,When did ragtime flourished in the united states?,"Ragtime was a popular musical genre in the United States during the late 19th century, emerging and gaining prominence from around the 1890s.","Ragtime flourished in the United States during the late 19th century, from around the 1890s onward",1,1,NA,NA,1,1,NA,,,
item-000528,a2_claim,-8286966211355378010,old_new,4,What is the objective of tour de france?,The cyclist with the fastest overall time across all stages is declared the race leader.,with the rider having the lowest cumulative finishing times becoming the leader of the race,1,1,NA,NA,1,1,NA,,,
item-000438,a2_claim,-1859261645300630518,new_old,1,When does steve come back in shameless season 5?,"Steve Howey appears in Shameless season 5, episode 1 named ""The Big Sick"".","Steve Howey returns in Shameless season 5 in episode 1 titled ""The Big Sick"", which premiered on January 11, 2015",1,1,NA,NA,1,1,NA,,,
item-000210,a2_case,6514531923811923780,new_new,1,When does disney's food and wine festival end?,The Epcot International Food & Wine Festival ends on November 13 [1].,- The festival concludes on November 13.,NA,NA,NA,NA,NA,NA,partial,"lost fact description ""The Epcot International Food & Wine Festival""",fact_omission,
item-000248,a1_sentence,-3228483207040151533,new,1,What bodies of water surround cabo san lucas?,The Pacific Ocean and the Gulf of California surround Cabo San Lucas.,,1,1,1,0,NA,NA,NA,,,
item-000602,a1_sentence,-1062522255440685408,old,1,When did the first generation kindle fire come out?,The first generation Kindle Fire was released in November 2011 [1][3].,,1,1,1,0,NA,NA,NA,,,
item-000214,a2_case,743600309736467122,old_old,1,When was on the revolutions of the heavenly spheres published?,"""On the Revolutions of the Heavenly Spheres"" was published in 1543 [1][5].","- The title of the work is 'On the Revolutions of the Heavenly Spheres'.
- The work was published in the year 1543.",NA,NA,NA,NA,NA,NA,complete,none,,
item-000633,a2_claim,-4995398567532229571,old_new,2,When did ragtime flourished in the united states?,"By the start of the 20th century, ragtime was widely popular throughout North America.","The evidence indicates that more sophisticated African‑American styles, including ragtime, became popular around this time, and by the start of the 20th century it was widely popular throughout North America [3].",1,1,NA,NA,1,1,NA,,,
item-000127,a2_case,7150599999316106461,new_old,1,Who was the first singing brothers in the hall of fame?,The Mills Brothers were the first singing group inducted into the Vocal Group Hall of Fame [2].,- The Mills Brothers were the inaugural recipients of the Vocal Group Hall of Fame induction.,NA,NA,NA,NA,NA,NA,complete,none,,
item-000116,a1_sentence,7150599999316106461,old,1,Who was the first singing brothers in the hall of fame?,The Everly Brothers were the first singing brothers inducted into the Rock and Roll Hall of Fame in 1986 [1].,,1,1,1,0,NA,NA,NA,,,
item-000170,a2_claim,1763163294931046731,old_old,1,Who played violet rutherford on leave it to beaver?,Veronica Cartwright portrayed the character Violet Rutherford in the television series Leave It to Beaver.,Veronica Cartwright played Violet Rutherford on Leave It to Beaver,1,1,NA,NA,1,1,NA,,,
item-000142,a2_case,-5116644172939113883,old_old,1,Who raps in the gorillaz song clint eastwood?,"Del the Funky Homosapien raps the verses in the Gorillaz song ""Clint Eastwood"" [1][2].","- Del the Funky Homosapien performed the rap verses for the Gorillaz song ""Clint Eastwood"".",NA,NA,NA,NA,NA,NA,complete,none,,
item-000505,a2_claim,-3279585462082900736,new_new,1,Who gets fired on grey's anatomy season 6?,"Katherine Heigl's character, Dr. Izzie Stevens, is written out of Grey's Anatomy in season 6.",Katherine Heigl gets fired on Grey's Anatomy season 6,1,1,NA,NA,0,0,NA,,span_misaligned;meaning_changed,
item-000273,a2_claim,4474597907223412132,new_old,1,Who were the two astronauts who stayed a year on the iss?,Scott Kelly and Mikhail Korniyenko were the two astronauts who spent a year on the International Space Station.,Scott Kelly and Mikhail Korniyenko were the two astronauts who stayed a year on the ISS,1,1,NA,NA,1,1,NA,,,
item-000623,a2_case,-3344541168958463110,new_old,1,Who fought with an angel in the bible?,Jacob fought with an angel in the Bible [1][4].,- Jacob engaged in a physical confrontation with an angel in the Bible.,NA,NA,NA,NA,NA,NA,complete,none,,
item-000603,a2_claim,-1062522255440685408,old_old,1,When did the first generation kindle fire come out?,The first generation Kindle Fire was launched in November 2011.,The first generation Kindle Fire was released in November 2011,1,1,NA,NA,1,1,NA,,,
item-000002,a1_sentence,-5942352520455511076,old,2,Where can adipose tissue be found in the body?,"It is also located behind the eyeball, kidney, omenta, mesentry, in elephant and whale blubber, and the hump of a camel [2].",,1,0,1,1,NA,NA,NA,,unresolved_reference,
item-000155,a1_sentence,8686216144939155905,new,1,What is the name of the time zone for london?,The time zone for London is Europe/London [2].,,1,1,1,0,NA,NA,NA,,,
item-000476,a1_sentence,2221044921312683785,old,2,When did the apple tv 4k come out?,"It started shipping later, but the evidence does not specify an exact release date [2].",,NA,0,0,0,NA,NA,NA,,meta_nonclaim,
item-000394,a2_claim,-6702031255040326279,new_new,1,Which of the animal is a carrier of h1n1?,Household cats can carry the H1N1 influenza virus.,Household cats have been reported as carriers of the H1N1 influenza virus,1,1,NA,NA,1,1,NA,,,
item-000078,a2_case,-4286108617234818000,new_new,1,When does the new super troopers movie come out?,"""Super Troopers 2"" was released by Fox Searchlight Pictures on April 20, 2018 [1].","- Super Troopers 2 is a film title.
- Fox Searchlight Pictures was the distributor of Super Troopers 2.
- Super Troopers 2 was released on April 20, 2018.",NA,NA,NA,NA,NA,NA,complete,none,,
item-000138,a2_claim,87005427005915954,new_new,1,When was the last time galway won the hurling all ireland?,Galway achieved its most recent Hurling All-Ireland championship in 1987.,Galway last won the Hurling All-Ireland title in 1987,1,1,NA,NA,1,1,NA,,,
item-000473,a2_claim,7797208395147217894,new_new,2,When did west germany win the world cup?,West Germany achieved victory in the 1974 World Cup.,West Germany won the World Cup in 1954 [2] and again in 1974 [2].,1,1,NA,NA,1,1,NA,,,
item-000580,a2_claim,2469112227919120438,old_new,3,The creation of the senate was based on the?,The Senate was created to ensure equal representation for small states.,which led to the Senate's establishment to ensure this balance [1],1,1,NA,NA,0,0,NA,,span_misaligned;meaning_changed,
item-000598,a2_claim,-728189424752983312,new_old,1,Where did the term bye felicia come from?,"The phrase ""Bye, Felicia"" was first used in the 1995 film Friday.","The term ""Bye, Felicia"" originated from a scene in the American stoner buddy crime comedy film ""Friday"" (1995)",1,1,NA,NA,1,1,NA,,,
item-000559,a2_claim,6776234528515962047,old_new,1,Who is the most run in cricket history?,The described individual holds the record for the most runs scored in cricket history.,"The evidence [4] states that the individual who is described as ""the leading run scorer in Tests, with 15,921 runs, as well as in One-Day Internationals, with 18,426 runs"" is the most run scorer in cricket history.",0,1,NA,NA,1,1,NA,,multi_fact,
item-000458,a2_claim,7797208395147217894,old_old,2,When did west germany win the world cup?,West Germany achieved the World Cup title in 1974.,West Germany won the World Cup in 1954 and again in 1974 [1][2].,1,1,NA,NA,1,1,NA,,,
item-000049,a2_case,-5842265707961388968,old_new,1,Who beat villanova last year in the ncaa tournament?,"Kansas beat Villanova in the NCAA Tournament last year [5]. The evidence [5] states that ""Villanova blew out Miami by a score of 92–69. In the South regional Final, with Villanova leading 62–59, Mikal Bridges made a steal before Frank Mason III could shoot a potential game-tying three-pointer, and Jalen Brunson made the ensuing free throws and Villanova beat the #1-overall seed Kansas 64–59 to advance to"". This indicates that Kansas was the team Villanova faced and ultimately lost to in the final. [5]",,NA,NA,NA,NA,NA,NA,none,all the facts in a1 were lost,fact_omission,
item-000057,a2_case,586233275728240023,old_old,1,What is the os of samsung smart tv?,The OS of Samsung smart TVs is Tizen [1].,- Samsung smart TVs use the Tizen operating system.,NA,NA,NA,NA,NA,NA,complete,none,,
item-000021,a2_claim,-7824075627194227170,old_old,2,When was the commission fir sc/st established?,"Bhola Paswan Shastri served as the Chairman, and the commission initially had four other members.",Bhola Paswan Shastri as Chairman and other four Members,1,1,NA,NA,0,0,NA,,span_misaligned;meaning_changed,
item-000454,a1_sentence,7797208395147217894,old,1,When did west germany win the world cup?,West Germany won the World Cup in 1954 and again in 1974 [1][2].,,1,1,1,0,NA,NA,NA,,,
item-000359,a2_case,-62521546794442829,new_old,1,For whom was the battle of king's mountain a victory?,The battle of King's Mountain was a victory for the Patriots [1][2][3].,- The Patriots won the Battle of King's Mountain.,NA,NA,NA,NA,NA,NA,complete,none,,
item-000589,a1_sentence,-728189424752983312,old,1,Where did the term bye felicia come from?,"The term ""Bye, Felicia"" came from a scene in the American stoner buddy crime comedy film ""Friday"" (1995) [1].",,1,1,1,0,NA,NA,NA,,,
item-000346,a2_case,-5333049627570569397,old_new,1,When did the song can't touch this come out?,"The song ""U Can't Touch This"" came out on February 12, 1990 [3][4].","- ""U Can't Touch This"" was released on February 12, 1990.",NA,NA,NA,NA,NA,NA,complete,none,,
item-000557,a2_claim,6776234528515962047,old_old,2,Who is the most run in cricket history?,"The described individual is also noted as the only player to score more than 30,000 runs in all forms of international cricket.","This person is also noted as the only player to score more than 30,000 runs in all forms of international cricket.",1,0,NA,NA,1,1,NA,,unresolved_reference,
item-000083,a2_claim,-9141149438582194391,old_old,2,Who has scored the highest number of runs in test cricket?,"The same player also scored 18,426 runs in One-Day Internals.","The evidence [2] indicates that the player with the highest number of runs in test cricket is the one who scored 15,921 runs in Tests, as well as 18,426 runs in One-Day Internationals.",0,1,NA,NA,1,1,NA,,multi_fact,
item-000492,a1_sentence,6257465985316109835,new,1,Who is the main character in liv and maddie?,Dove Cameron is the main character in Liv and Maddie [3].,,1,1,1,0,NA,NA,NA,,,
item-000606,a2_case,-1062522255440685408,old_new,1,When did the first generation kindle fire come out?,The first generation Kindle Fire was released in November 2011 [1][3].,- The first generation Kindle Fire was launched in November 2011.,NA,NA,NA,NA,NA,NA,complete,none,,
item-000527,a2_claim,-8286966211355378010,old_new,3,What is the objective of tour de france?,The Tour de France is completed over a period of 23 days.,over 23 days,1,1,NA,NA,0,0,NA,,span_misaligned;meaning_changed,
item-000047,a1_sentence,-5842265707961388968,old,5,Who beat villanova last year in the ncaa tournament?,[5],,NA,0,0,0,NA,NA,NA,,citation_only,
item-000600,a2_claim,-728189424752983312,new_new,1,Where did the term bye felicia come from?,"The phrase ""Bye, Felicia"" was first used in the 1995 film Friday.","The term ""Bye, Felicia"" originated from a scene in the American stoner buddy crime comedy film ""Friday"" (1995)",1,1,NA,NA,1,1,NA,,,
item-000367,a2_case,-447198893588059167,old_new,1,Who played the father in leave it to beaver?,"Hugh Beaumont played the father, Ward Cleaver, in Leave It to Beaver. [4]",- Hugh Beaumont portrayed the character Ward Cleaver in the television series Leave It to Beaver.,NA,NA,NA,NA,NA,NA,complete,none,,
item-000587,a2_claim,2469112227919120438,new_new,1,The creation of the senate was based on the?,The United States Senate was established by the United States Constitution.,The creation of the United States Senate was based on the United States Constitution,1,1,NA,NA,1,1,NA,,,
item-000055,a1_sentence,586233275728240023,old,1,What is the os of samsung smart tv?,The OS of Samsung smart TVs is Tizen [1].,,1,1,1,0,NA,NA,NA,,,
item-000008,a2_claim,-5942352520455511076,new_old,2,Where can adipose tissue be found in the body?,Adipose tissue surrounds internal organs as visceral fat.,"Adipose tissue is located beneath the skin (subcutaneous fat) [1][4], around internal organs (visceral fat) [1][3], in bone marrow (yellow bone marrow) [1], intermuscularly [1], and in the breast tissue [1].",1,1,NA,NA,1,1,NA,,,
item-000608,a2_claim,-1062522255440685408,new_old,1,When did the first generation kindle fire come out?,The first generation Kindle Fire was launched in November 2011.,The first generation Kindle Fire was first released in November 2011,1,1,NA,NA,1,1,NA,,,
item-000507,a1_sentence,3643093465010420057,old,1,What city in texas has the highest elevation?,I don't know [1],,NA,0,0,0,NA,NA,NA,,meta_nonclaim,
item-000016,a1_sentence,-7824075627194227170,old,1,When was the commission fir sc/st established?,The commission for SC/ST was first established in August 1978 [1][2].,,1,1,1,0,NA,NA,NA,,,
item-000404,a2_claim,4183252176965080529,old_new,2,When does the new independence day come out?,"The film's initial release date was set for July 2016, but the schedule was changed several times.",It was originally scheduled for July 2016 but was rescheduled multiple times,1,0,NA,NA,1,1,NA,,unresolved_reference,
item-000425,a2_case,7494804303418493420,old_new,1,Movie with the song sunshine on my shoulders?,"The movie with the song ""Sunshine on My Shoulders"" is titled ""Sunshine,"" which aired on NBC in 1973. [1]",,NA,NA,NA,NA,NA,NA,none,all the facts in a1 were lost,fact_omission,
item-000487,a1_sentence,6257465985316109835,old,1,Who is the main character in liv and maddie?,The main character in Liv and Maddie is Liv Rooney [1][3].,,1,1,1,0,NA,NA,NA,,,
item-000584,a1_sentence,2469112227919120438,new,1,The creation of the senate was based on the?,The creation of the United States Senate was based on the United States Constitution [2].,,1,1,1,NA,NA,NA,NA,,,
item-000153,a2_claim,8686216144939155905,old_new,1,What is the name of the time zone for london?,The IANA time zone identifier for London is Europe/London.,The name of the time zone for London is Europe/London,1,1,NA,NA,1,1,NA,,,
item-000434,a1_sentence,-1859261645300630518,old,2,When does steve come back in shameless season 5?,[2],,NA,0,0,0,NA,NA,NA,,citation_only,
item-000428,a2_claim,7494804303418493420,new_old,2,Movie with the song sunshine on my shoulders?,"The theme song for the movie ""Sunshine"" was ""Sunshine on My Shoulders"".","The movie ""Sunshine"" aired on NBC in 1973 and used the song ""Sunshine on My Shoulders"" as its theme [1].",1,1,NA,NA,1,1,NA,,,
item-000154,a2_case,8686216144939155905,old_new,1,What is the name of the time zone for london?,The name of the time zone for London is Europe/London [2].,- The IANA time zone identifier for London is Europe/London.,NA,NA,NA,NA,NA,NA,complete,none,,
item-000489,a2_case,6257465985316109835,old_old,1,Who is the main character in liv and maddie?,The main character in Liv and Maddie is Liv Rooney [1][3].,- Liv Rooney is the main character in the television series Liv and Maddie.,NA,NA,NA,NA,NA,NA,complete,none,,
item-000572,a2_claim,2469112227919120438,old_old,1,The creation of the senate was based on the?,The U.S. Senate was established to provide equal representation for small states in the national legislature.,The creation of the U.S. Senate was based on the need for equal suffrage for small states in the national legislature,1,1,NA,NA,1,1,NA,,,
item-000190,a2_claim,-2585133819352441604,old_old,1,Name of first episode of this is us?,The title of the first episode of the TV series This Is Us is Remember.,"The first episode of This Is Us is called ""Remember.""",1,1,NA,NA,1,1,NA,,,
item-000390,a2_case,-6702031255040326279,old_new,1,Which of the animal is a carrier of h1n1?,"Household cats are a carrier of H1N1 [1]. Additionally, dogs, ferrets, swine (including turkeys), and a cheetah have also been reported to carry the H1N1 virus [1].","- Household cats can carry the H1N1 virus.
- Dogs, ferrets, swine (such as turkeys), and a cheetah have been reported to carry the H1N1 virus.",NA,NA,NA,NA,NA,NA,complete,none,,
item-000574,a2_claim,2469112227919120438,old_old,3,The creation of the senate was based on the?,The Senate was created to ensure equal representation for small states.,which led to the Senate's establishment to ensure this balance [1],1,1,NA,NA,0,0,NA,,span_misaligned;meaning_changed,
item-000467,a1_sentence,7797208395147217894,new,1,When did west germany win the world cup?,West Germany won the World Cup in 1954 [2] and again in 1974 [2].,,1,1,1,0,NA,NA,NA,,,
item-000315,a1_sentence,16881061444712536,new,2,Where does the amazon river start and finish?,The Amazon River finishes at the Atlantic Ocean [1][4].,,1,1,1,0,NA,NA,NA,,,
item-000060,a1_sentence,586233275728240023,new,1,What is the os of samsung smart tv?,The operating system of Samsung smart TVs is Tizen [1].,,1,1,1,0,NA,NA,NA,,,
item-000464,a2_claim,7797208395147217894,old_new,3,When did west germany win the world cup?,"The 1954 World Cup victory is historically referred to as the ""miracle of Bern"".","The 1954 victory is described as a ""miracle of Bern""",1,1,NA,NA,1,1,NA,,,
item-000281,a2_claim,-5564120845047915486,old_old,2,Where do you find a simple gear train?,The illustrations by Georgius Agricola depict gear trains having cylindrical teeth.,which show gear trains with cylindrical teeth [1],1,1,NA,NA,0,0,NA,,span_misaligned;meaning_changed,
item-000028,a1_sentence,-7824075627194227170,new,1,When was the commission fir sc/st established?,The first commission for Scheduled Castes and Scheduled Tribes was established in August 1978 [1][2].,,1,1,1,0,NA,NA,NA,,,
item-000318,a2_case,16881061444712536,new_old,1,Where does the amazon river start and finish?,The Amazon River starts at the headwaters of the Cordillera Rumi Cruz in Peru [1][4]. The Amazon River finishes at the Atlantic Ocean [1][4].,"- The Amazon River originates at the headwaters of the Cordillera Rumi Cruz mountain range located in Peru.
- The Amazon River flows into the Atlantic Ocean.",NA,NA,NA,NA,NA,NA,complete,none,,
item-000202,a2_case,6514531923811923780,old_old,1,When does disney's food and wine festival end?,"The Disney's Food and Wine Festival ends on November 13 [1] and also ends on November 12th, 2018 [2]. [1][2]","- The Disney's Food and Wine Festival also concluded on November 12, 2018.",NA,NA,NA,NA,NA,NA,partial,"lost fact description ""The Disney's Food and Wine Festival ends on November 13""",fact_omission,
item-000294,a2_case,-5564120845047915486,new_new,1,Where do you find a simple gear train?,A simple gear train can be found in the Antikythera mechanism of Greece [1].,"- The Antikythera mechanism, an ancient Greek device, contains a simple gear train.",NA,NA,NA,NA,NA,NA,complete,none,,
item-000100,a1_sentence,-99543908387769967,old,1,Who does sansa marry on game of thrones?,Sansa marries Tyrion Lannister on Game of Thrones [5].,,1,1,1,0,NA,NA,NA,,,
item-000226,a1_sentence,6962706727076805207,old,2,What kind of car in to catch a thief?,These vehicles are specifically modified with audio/video surveillance technology and can be remotely monitored and controlled by law enforcement.,,0,0,1,1,NA,NA,NA,,multi_fact;unresolved_reference,
item-000391,a1_sentence,-6702031255040326279,new,1,Which of the animal is a carrier of h1n1?,Household cats have been reported as carriers of the H1N1 influenza virus [1].,,1,1,1,0,NA,NA,NA,,,
item-000403,a2_claim,4183252176965080529,old_new,1,When does the new independence day come out?,"Independence Day: Resurgence was officially released on June 24, 2016.","was released on June 24, 2016",1,1,NA,NA,0,0,NA,,span_misaligned;meaning_changed,
item-000267,a2_claim,4474597907223412132,old_old,1,Who were the two astronauts who stayed a year on the iss?,Scott Kelly is an astronaut from NASA in the USA who spent a year on the ISS.,The two astronauts who stayed a year on the ISS were Scott Kelly (NASA / USA) and Mikhail Korniyenko (Roscosmos / Russia).,1,1,NA,NA,1,1,NA,,,
item-000123,a2_claim,7150599999316106461,old_new,2,Who was the first singing brothers in the hall of fame?,The Everly Brothers were inducted into the Country Music Hall of Fame in 2001.,They were also inducted into the Country Music Hall of Fame in 2001,1,1,NA,NA,0,0,NA,,span_misaligned;meaning_changed,
item-000342,a1_sentence,-5333049627570569397,old,1,When did the song can't touch this come out?,"The song ""U Can't Touch This"" came out on February 12, 1990 [3][4].",,1,1,1,0,NA,NA,NA,,,
item-000122,a2_claim,7150599999316106461,old_new,1,Who was the first singing brothers in the hall of fame?,"The Everly Brothers were the first singing brothers to be inducted into the Rock and Roll Hall of Fame, which occurred in 1986.",The Everly Brothers were the first singing brothers inducted into the Rock and Roll Hall of Fame in 1986,1,1,NA,NA,1,1,NA,,,
item-000550,a2_case,4150448921344430432,new_old,1,Who were the original twins in everybody loves raymond?,The original twins in Everybody Loves Raymond were Matthew and Gregory [5].,- Matthew and Gregory were the original twin actors in the television show Everybody Loves Raymond.,NA,NA,NA,NA,NA,NA,complete,none,,
item-000025,a2_claim,-7824075627194227170,old_new,2,When was the commission fir sc/st established?,"Bhola Paswan Shastri served as the Chairman, and the commission initially had four other members.",Bhola Paswan Shastri as Chairman and other four Members,1,1,NA,NA,0,0,NA,,span_misaligned;meaning_changed,
item-000110,a2_case,-99543908387769967,old_new,1,Who does sansa marry on game of thrones?,"Sansa marries Tyrion Lannister on Game of Thrones [5]. However, there are multiple marriages mentioned in the evidence: she is initially set to marry Willas Tyrell [1], then later marries Ramsay Bolton [4], and finally agrees to marry Tyrion Lannister [5]. The evidence suggests that the most significant and final marriage depicted is with Tyrion Lannister. [5]","- Sansa Stark marries Tyrion Lannister in the television series Game of Thrones.
- Sansa Stark was initially arranged to marry Willas Tyrell.
- Sansa Stark later marries Ramsay Bolton.",NA,NA,NA,NA,NA,NA,complete,none,,
item-000411,a2_case,4183252176965080529,new_new,1,When does the new independence day come out?,"The new Independence Day, ""Independence Day: Resurgence,"" was released in the United States on June 24, 2016 [2].","- Independence Day: Resurgence was released in the United States on June 24, 2016.",NA,NA,NA,NA,NA,NA,partial,"lost modifying description ""The new Independence Day""",fact_omission,
item-000136,a2_claim,87005427005915954,new_old,1,When was the last time galway won the hurling all ireland?,Galway achieved its most recent Hurling All-Ireland championship in 1987.,Galway last won the Hurling All-Ireland title in 1987,1,1,NA,NA,1,1,NA,,,
item-000177,a2_claim,1763163294931046731,new_new,1,Who played violet rutherford on leave it to beaver?,"Veronica Cartwright portrayed the character Violet Rutherford in the television series ""Leave It to Beaver"".","Veronica Cartwright played Violet Rutherford on ""Leave It to Beaver""",1,1,NA,NA,1,1,NA,,,
item-000525,a2_claim,-8286966211355378010,old_new,1,What is the objective of tour de france?,The Tour de France aims to identify the top cyclist.,The objective of the Tour de France is to determine the best cyclist,1,1,NA,NA,1,1,NA,,,
item-000637,a2_case,-4995398567532229571,new_old,1,When did ragtime flourished in the united states?,"Ragtime flourished in the United States during the late 19th century, from around the 1890s onward [1][3].","- Ragtime was a popular musical genre in the United States during the late 19th century, emerging and gaining prominence from around the 1890s.",NA,NA,NA,NA,NA,NA,complete,none,,
item-000246,a2_claim,-3228483207040151533,old_new,1,What bodies of water surround cabo san lucas?,Cabo San Lucas is located between the Pacific Ocean and the Gulf of California.,The Pacific Ocean and the Gulf of California surround Cabo San Lucas.,1,1,NA,NA,1,1,NA,,,
item-000046,a1_sentence,-5842265707961388968,old,4,Who beat villanova last year in the ncaa tournament?,This indicates that Kansas was the team Villanova faced and ultimately lost to in the final.,,1,0,1,1,NA,NA,NA,,unresolved_reference,
item-000077,a2_claim,-4286108617234818000,new_new,3,When does the new super troopers movie come out?,"Super Troopers 2 was released on April 20, 2018.","on April 20, 2018",1,1,NA,NA,0,0,NA,,span_misaligned;meaning_changed,
item-000349,a2_case,-5333049627570569397,new_old,1,When did the song can't touch this come out?,"The song ""U Can't Touch This"" came out on February 12, 1990 [3][4].","- ""U Can't Touch This"" was released on February 12, 1990.",NA,NA,NA,NA,NA,NA,complete,none,,
item-000128,a2_claim,7150599999316106461,new_new,1,Who was the first singing brothers in the hall of fame?,The Mills Brothers were the inaugural recipients of the Vocal Group Hall of Fame induction.,The Mills Brothers were the first singing group inducted into the Vocal Group Hall of Fame,1,1,NA,NA,1,1,NA,,,
item-000481,a2_case,2221044921312683785,old_new,1,When did the apple tv 4k come out?,"The Apple TV 4K was announced on September 12, 2017 [2]. It started shipping later, but the evidence does not specify an exact release date [2]. [2]","- The Apple TV 4K was officially announced by Apple on September 12, 2017.",NA,NA,NA,NA,NA,NA,complete,none,,
item-000065,a1_sentence,-4286108617234818000,old,1,When does the new super troopers movie come out?,"The new Super Troopers movie, Super Troopers 2, was released on April 20, 2018 [1].",,1,1,1,0,NA,NA,NA,,,
item-000379,a2_claim,8433533625736230886,new_old,1,Who has won the most trophies man utd or liverpool?,Manchester United has a higher total number of trophies than Liverpool.,Manchester United has won more trophies than Liverpool,1,1,NA,NA,1,1,NA,,,
item-000280,a2_claim,-5564120845047915486,old_old,1,Where do you find a simple gear train?,Georgius Agricola illustrated a simple gear train in his works.,You can find a simple gear train in illustrations by the Renaissance scientist Georgius Agricola [2],1,1,NA,NA,1,1,NA,,,
item-000086,a2_claim,-9141149438582194391,old_new,1,Who has scored the highest number of runs in test cricket?,"The player scored 15,921 runs in Test cricket.","The evidence [2] indicates that the player with the highest number of runs in test cricket is the one who scored 15,921 runs in Tests",1,0,NA,NA,1,1,NA,,unresolved_reference,
item-000166,a2_case,-7699606393193219666,new_old,1,Who played cowboy curtis on pee wee herman?,"Kevin Bacon played Cowboy Curtis on Pee‑Wee Herman's CBS children's television show ""Pee‑wee's Playhouse."" [2]",- Kevin Bacon portrayed the character Cowboy Curtis in the CBS children's television series Pee‑Wee's Playhouse.,NA,NA,NA,NA,NA,NA,complete,none,,
item-000026,a2_claim,-7824075627194227170,old_new,3,When was the commission fir sc/st established?,"The commission was reconstituted in 1992 under the 65th Amendment, maintaining the name National Commission for Scheduled Castes and Scheduled Tribes.",it was reconstituted under the 65th Amendment as the National Commission for Scheduled Castes and Scheduled Tribes,1,0,NA,NA,0,0,NA,,unresolved_reference;span_misaligned;meaning_changed,
item-000412,a1_sentence,-4456614433280196572,old,1,What season does meredith and derek get married in grey's anatomy?,Meredith and Derek get married in season five [3].,,1,1,1,0,NA,NA,NA,,,
item-000067,a2_case,-4286108617234818000,old_old,1,When does the new super troopers movie come out?,"The new Super Troopers movie, Super Troopers 2, was released on April 20, 2018 [1].","- Super Troopers 2 was released on April 20, 2018.",NA,NA,NA,NA,NA,NA,partial,"lost modifying description ""The new Super Troopers movie""",fact_omission,
item-000152,a2_case,8686216144939155905,old_old,1,What is the name of the time zone for london?,The name of the time zone for London is Europe/London [2].,- The IANA time zone identifier for London is Europe/London.,NA,NA,NA,NA,NA,NA,complete,none,,
item-000274,a2_case,4474597907223412132,new_old,1,Who were the two astronauts who stayed a year on the iss?,Scott Kelly and Mikhail Korniyenko were the two astronauts who stayed a year on the ISS [2].,- Scott Kelly and Mikhail Korniyenko were the two astronauts who spent a year on the International Space Station.,NA,NA,NA,NA,NA,NA,complete,none,,
item-000493,a2_claim,6257465985316109835,new_old,1,Who is the main character in liv and maddie?,Dove Cameron plays the role of Liv in the television series Liv and Maddie.,Dove Cameron is the main character in Liv and Maddie,1,1,NA,NA,0,0,NA,,span_misaligned;meaning_changed,
item-000023,a2_case,-7824075627194227170,old_old,1,When was the commission fir sc/st established?,"The commission for SC/ST was first established in August 1978 [1][2]. This was the initial setup with Bhola Paswan Shastri as Chairman and other four Members [5]. Later, in 1992, it was reconstituted under the 65th Amendment as the National Commission for Scheduled Castes and Scheduled Tribes [2]. [1][2]","- The National Commission for Scheduled Castes and Scheduled Tribes was initially established in August 1978.
- Bhola Paswan Shastri served as the Chairman, and the commission initially had four other members.
- The commission was reconstituted in 1992 under the 65th Amendment, maintaining the name National Commission for Scheduled Castes and Scheduled Tribes.",NA,NA,NA,NA,NA,NA,complete,none,,
item-000468,a1_sentence,7797208395147217894,new,2,When did west germany win the world cup?,[2],,NA,0,0,0,NA,NA,NA,,citation_only,
item-000299,a2_case,-5036947181661390825,old_new,1,When was the vietnam veterans war memorial built?,"The Vietnam Veterans Memorial was built and dedicated on November 13, 1982 [2].","- The Vietnam Veterans Memorial was constructed and officially dedicated on November 13, 1982.",NA,NA,NA,NA,NA,NA,complete,none,,
item-000300,a1_sentence,-5036947181661390825,new,1,When was the vietnam veterans war memorial built?,"The Vietnam Veterans Memorial was constructed from March 16, 1982, to late October 1982 [2].",,1,1,1,0,NA,NA,NA,,,
item-000227,a1_sentence,6962706727076805207,old,3,What kind of car in to catch a thief?,"They may include GPS tracking and a ""kill switch"" that allows police to remotely disable the engine and lock the doors, preventing the thief from escaping.",,1,0,1,1,NA,NA,NA,,unresolved_reference,
item-000252,a2_claim,-3228483207040151533,new_new,1,What bodies of water surround cabo san lucas?,Cabo San Lucas is geographically located between the Pacific Ocean and the Gulf of California.,The Pacific Ocean and the Gulf of California surround Cabo San Lucas.,1,1,NA,NA,1,1,NA,,,
item-000185,a1_sentence,6619094979746662600,new,2,Who wrote brown eyes by destiny's child?,[5],,NA,0,0,0,NA,NA,NA,,citation_only,
item-000052,a2_case,-5842265707961388968,new_old,1,Who beat villanova last year in the ncaa tournament?,North Carolina Tar Heels beat Villanova in the National Semi-Finals of the 2015 NCAA Tournament [3].,- The North Carolina Tar Heels basketball team defeated the Villanova Wildcats in the National Semi-Finals during the 2015 NCAA Tournament.,NA,NA,NA,NA,NA,NA,complete,none,,
item-000066,a2_claim,-4286108617234818000,old_old,1,When does the new super troopers movie come out?,"Super Troopers 2 was released on April 20, 2018.","The new Super Troopers movie, Super Troopers 2, was released on April 20, 2018",1,1,NA,NA,1,1,NA,,,
item-000178,a2_case,1763163294931046731,new_new,1,Who played violet rutherford on leave it to beaver?,"Veronica Cartwright played Violet Rutherford on ""Leave It to Beaver"" [4].","- Veronica Cartwright portrayed the character Violet Rutherford in the television series ""Leave It to Beaver"".",NA,NA,NA,NA,NA,NA,complete,none,,
item-000018,a1_sentence,-7824075627194227170,old,3,When was the commission fir sc/st established?,"Later, in 1992, it was reconstituted under the 65th Amendment as the National Commission for Scheduled Castes and Scheduled Tribes [2].",,1,1,1,0,NA,NA,NA,,,
item-000470,a2_claim,7797208395147217894,new_old,2,When did west germany win the world cup?,West Germany achieved victory in the 1974 World Cup.,West Germany won the World Cup in 1954 [2] and again in 1974 [2].,1,1,NA,NA,1,1,NA,,,
item-000199,a1_sentence,6514531923811923780,old,1,When does disney's food and wine festival end?,"The Disney's Food and Wine Festival ends on November 13 [1] and also ends on November 12th, 2018 [2].",,1,1,1,0,NA,NA,NA,,,
item-000530,a1_sentence,-8286966211355378010,new,1,What is the objective of tour de france?,The objective of the Tour de France is to determine the best professional bicycle racer through a series of day-long stages over 23 days [1].,,1,1,1,0,NA,NA,NA,,,
item-000156,a2_claim,8686216144939155905,new_old,1,What is the name of the time zone for london?,London uses the time zone identifier Europe/London.,The time zone for London is Europe/London,1,1,NA,NA,1,1,NA,,,
item-000158,a2_claim,8686216144939155905,new_new,1,What is the name of the time zone for london?,London uses the time zone identifier Europe/London.,The time zone for London is Europe/London,1,1,NA,NA,1,1,NA,,,
item-000112,a2_claim,-99543908387769967,new_old,1,Who does sansa marry on game of thrones?,Sansa Stark is married to Ramsay Bolton in the television series Game of Thrones.,Sansa Stark marries Ramsay Bolton,1,1,NA,NA,0,0,NA,,span_misaligned;meaning_changed,
item-000081,a1_sentence,-9141149438582194391,old,3,Who has scored the highest number of runs in test cricket?,[2],,NA,0,0,0,NA,NA,NA,,citation_only,
item-000508,a2_case,3643093465010420057,old_old,1,What city in texas has the highest elevation?,I don't know [1],,NA,NA,NA,NA,NA,NA,NA,no facts in a1,,
item-000189,a1_sentence,-2585133819352441604,old,2,Name of first episode of this is us?,""" [3]",,NA,0,0,0,NA,NA,NA,,citation_only,
item-000058,a2_claim,586233275728240023,old_new,1,What is the os of samsung smart tv?,Samsung smart TVs use the Tizen operating system.,The OS of Samsung smart TVs is Tizen,1,1,NA,NA,1,1,NA,,,
item-000027,a2_case,-7824075627194227170,old_new,1,When was the commission fir sc/st established?,"The commission for SC/ST was first established in August 1978 [1][2]. This was the initial setup with Bhola Paswan Shastri as Chairman and other four Members [5]. Later, in 1992, it was reconstituted under the 65th Amendment as the National Commission for Scheduled Castes and Scheduled Tribes [2]. [1][2]","- The National Commission for Scheduled Castes and Scheduled Tribes was initially established in August 1978.
- Bhola Paswan Shastri served as the Chairman, and the commission initially had four other members.
- The commission was reconstituted in 1992 under the 65th Amendment, maintaining the name National Commission for Scheduled Castes and Scheduled Tribes.",NA,NA,NA,NA,NA,NA,complete,none,,
item-000443,a2_case,-1859261645300630518,new_new,1,When does steve come back in shameless season 5?,"Steve Howey returns in Shameless season 5 in episode 1 titled ""The Big Sick"", which premiered on January 11, 2015 [2].","- Steve Howey appears in Shameless season 5, episode 1 named ""The Big Sick"".
- The episode ""The Big Sick"" aired on January 11, 2015.",NA,NA,NA,NA,NA,NA,complete,none,,
item-000575,a2_claim,2469112227919120438,old_old,4,The creation of the senate was based on the?,"The original purpose of the Senate was to oversee judicial, financial, and administrative affairs when the monarch was not present.","Additionally, the Senate was originally conceived as a body to oversee judicial, financial, and administrative affairs during the monarch's absence",1,1,NA,NA,1,1,NA,,,
item-000541,a1_sentence,4150448921344430432,old,3,Who were the original twins in everybody loves raymond?,[5],,NA,0,0,0,NA,NA,NA,,citation_only,
item-000223,a2_claim,743600309736467122,new_new,2,When was on the revolutions of the heavenly spheres published?,The work was published in the year 1543.,published in 1543,1,0,NA,NA,0,0,NA,,unresolved_reference;span_misaligned;meaning_changed,
item-000271,a2_case,4474597907223412132,old_new,1,Who were the two astronauts who stayed a year on the iss?,The two astronauts who stayed a year on the ISS were Scott Kelly (NASA / USA) and Mikhail Korniyenko (Roscosmos / Russia). [2],"- Scott Kelly is an astronaut from NASA in the USA who spent a year on the ISS.
- Mikhail Korniyenko is an astronaut from Roscosmos in Russia who spent a year on the ISS.",NA,NA,NA,NA,NA,NA,complete,none,,
item-000149,a2_case,-5116644172939113883,new_new,1,Who raps in the gorillaz song clint eastwood?,"Del the Funky Homosapien raps the verses in the Gorillaz song ""Clint Eastwood"" [1][2].","- Del the Funky Homosapien performed the rap verses for the Gorillaz song ""Clint Eastwood"".",NA,NA,NA,NA,NA,NA,complete,none,,
item-000032,a2_case,-7824075627194227170,new_new,1,When was the commission fir sc/st established?,The first commission for Scheduled Castes and Scheduled Tribes was established in August 1978 [1][2].,- The first commission for Scheduled Castes and Scheduled Tribes was established in August 1978.,NA,NA,NA,NA,NA,NA,complete,none,,
item-000171,a2_case,1763163294931046731,old_old,1,Who played violet rutherford on leave it to beaver?,Veronica Cartwright played Violet Rutherford on Leave It to Beaver [2].,- Veronica Cartwright portrayed the character Violet Rutherford in the television series Leave It to Beaver.,NA,NA,NA,NA,NA,NA,complete,none,,
item-000610,a2_claim,-1062522255440685408,new_new,1,When did the first generation kindle fire come out?,The first generation Kindle Fire was launched in November 2011.,The first generation Kindle Fire was first released in November 2011,1,1,NA,NA,1,1,NA,,,
item-000284,a2_case,-5564120845047915486,old_old,1,Where do you find a simple gear train?,"You can find a simple gear train in illustrations by the Renaissance scientist Georgius Agricola [2], which show gear trains with cylindrical teeth [1]. Additionally, gear trains are used in various mechanical systems, such as in clocks (both for the going train and striking train) [3], and in horology where a wheel train is the gear train of a clock or watch [3]. [1][2]","- Georgius Agricola illustrated a simple gear train in his works.
- The illustrations by Georgius Agricola depict gear trains having cylindrical teeth.
- Gear trains are employed in mechanical systems including clocks, specifically for the going train and striking train.
- In the field of horology, a wheel train serves as the gear train for clocks or watches.",NA,NA,NA,NA,NA,NA,partial,"lost modifying description ""Georgius Agricola is a Renaissance scientist""",fact_omission,
item-000247,a2_case,-3228483207040151533,old_new,1,What bodies of water surround cabo san lucas?,The Pacific Ocean and the Gulf of California surround Cabo San Lucas. [2][3],- Cabo San Lucas is located between the Pacific Ocean and the Gulf of California.,NA,NA,NA,NA,NA,NA,complete,none,,
item-000543,a2_claim,4150448921344430432,old_old,2,Who were the original twins in everybody loves raymond?,Matthew and Gregory were later renamed to Geoffrey and Michael for the show's on-screen presentation.,They were later renamed to Geoffrey and Michael on screen,1,1,NA,NA,1,1,NA,,,
item-000098,a2_claim,-9141149438582194391,new_new,2,Who has scored the highest number of runs in test cricket?,"The same evidence [2] notes that this player was the first Indian to surpass 30,000 international runs.",[2] specifically mentions this player as the first Indian to achieve this feat.,NA,1,NA,NA,0,0,NA,,meta_nonclaim;span_misaligned;meaning_changed,
item-000157,a2_case,8686216144939155905,new_old,1,What is the name of the time zone for london?,The time zone for London is Europe/London [2].,- London uses the time zone identifier Europe/London.,NA,NA,NA,NA,NA,NA,complete,none,,
item-000397,a1_sentence,4183252176965080529,old,2,When does the new independence day come out?,"It was originally scheduled for July 2016 but was rescheduled multiple times, with the final release date announced as June 24, 2016 [1].",,0,0,1,1,NA,NA,NA,,multi_fact;unresolved_reference,
item-000335,a2_claim,-3904805932335139116,old_new,1,What was the daughter's name on the jetsons?,The name 'Judy' is mentioned in sources labeled 2 and 4.,Judy [2][4],NA,1,NA,NA,1,1,NA,,meta_nonclaim,
item-000571,a1_sentence,2469112227919120438,old,4,The creation of the senate was based on the?,[1],,NA,0,0,0,NA,NA,NA,,citation_only,
item-000472,a2_claim,7797208395147217894,new_new,1,When did west germany win the world cup?,West Germany achieved victory in the 1954 World Cup.,West Germany won the World Cup in 1954 [2],1,1,NA,NA,1,1,NA,,,
item-000308,a2_claim,16881061444712536,old_old,1,Where does the amazon river start and finish?,"The Amazon River's headwaters are located in the Cordillera Rumi Cruz, at the Mantaro River in Peru.",The Amazon River starts at its headwaters in the Cordillera Rumi Cruz at the headwaters of the Mantaro River in Peru,1,1,NA,NA,1,1,NA,,,
item-000024,a2_claim,-7824075627194227170,old_new,1,When was the commission fir sc/st established?,The National Commission for Scheduled Castes and Scheduled Tribes was initially established in August 1978.,The commission for SC/ST was first established in August 1978,1,1,NA,NA,1,1,NA,,,
item-000389,a2_claim,-6702031255040326279,old_new,2,Which of the animal is a carrier of h1n1?,"Dogs, ferrets, swine (such as turkeys), and a cheetah have been reported to carry the H1N1 virus.","Additionally, dogs, ferrets, swine (including turkeys), and a cheetah have also been reported to carry the H1N1 virus [1].",1,1,NA,NA,1,1,NA,,,
item-000036,a2_claim,-4649654703638364295,old_new,1,Who made it through the divisional finals world of dance?,"The Lab, Les Twins, Kinjaz, and Keone & Mari participated in the divisional finals of World of Dance.","The Lab, Les Twins, Kinjaz, and Keone & Mari made it through the divisional finals of World of Dance [3].",1,1,NA,NA,1,1,NA,,,
item-000569,a1_sentence,2469112227919120438,old,2,The creation of the senate was based on the?,"This requirement arose from the refusal of small states to endorse the US Constitution unless they received equal representation, which led to the Senate's establishment to ensure this balance [1].",,0,0,1,1,NA,NA,NA,,multi_fact;unresolved_reference,
item-000236,a2_case,6962706727076805207,old_new,1,What kind of car in to catch a thief?,"The kind of car used to catch a thief is called a bait car, also referred to as a decoy car, hot car, or trap car. These vehicles are specifically modified with audio/video surveillance technology and can be remotely monitored and controlled by law enforcement. They may include GPS tracking and a ""kill switch"" that allows police to remotely disable the engine and lock the doors, preventing the thief from escaping. [1][3]","- A bait car is a type of vehicle used in anti-theft operations, known by several names including decoy car, hot car, and trap car.
- Bait cars are equipped with audio and video surveillance technology for remote monitoring by law enforcement.
- Some bait cars feature GPS tracking and a kill switch mechanism to remotely disable the vehicle and lock its doors.",NA,NA,NA,NA,NA,NA,complete,none,,
item-000204,a2_claim,6514531923811923780,old_new,2,When does disney's food and wine festival end?,"The Disney's Food and Wine Festival also concluded on November 12, 2018.","and also ends on November 12th, 2018",1,1,NA,NA,0,0,NA,,span_misaligned;meaning_changed,
item-000163,a1_sentence,-7699606393193219666,new,1,Who played cowboy curtis on pee wee herman?,"Kevin Bacon played Cowboy Curtis on Pee‑Wee Herman's CBS children's television show ""Pee‑wee's Playhouse.",,1,1,1,0,NA,NA,NA,,,
item-000020,a2_claim,-7824075627194227170,old_old,1,When was the commission fir sc/st established?,The National Commission for Scheduled Castes and Scheduled Tribes was initially established in August 1978.,The commission for SC/ST was first established in August 1978,1,1,NA,NA,1,1,NA,,,
item-000504,a2_case,-3279585462082900736,new_old,1,Who gets fired on grey's anatomy season 6?,Katherine Heigl gets fired on Grey's Anatomy season 6 [2].,"- Katherine Heigl's character, Dr. Izzie Stevens, is written out of Grey's Anatomy in season 6.",NA,NA,NA,NA,NA,NA,partial,"lost fact description ""Katherine Heigl gets fired on Grey's Anatomy season 6""",fact_omission,
item-000180,a1_sentence,6619094979746662600,old,2,Who wrote brown eyes by destiny's child?,"[None of the provided evidence mentions Destiny's Child or the composition of ""Brown Eyes"" by that group.",,NA,0,0,0,NA,NA,NA,,meta_nonclaim,
item-000329,a2_case,-4873786835306543030,new_old,1,Who is the chief minister of m. p?,Captain Amarinder Singh is the Chief Minister of Punjab [1].,- Captain Amarinder Singh holds the office of Chief Minister for the state of Punjab.,NA,NA,NA,NA,NA,NA,complete,none,,
item-000105,a2_claim,-99543908387769967,old_old,2,Who does sansa marry on game of thrones?,Sansa Stark was initially arranged to marry Willas Tyrell.,"However, there are multiple marriages mentioned in the evidence: she is initially set to marry Willas Tyrell [1], then later marries Ramsay Bolton [4], and finally agrees to marry Tyrion Lannister [5].",1,1,NA,NA,1,1,NA,,,
item-000629,a2_claim,-4995398567532229571,old_old,1,When did ragtime flourished in the united states?,"Ragtime became popular in the United States in the late 19th century, around the 1890s.","Ragtime flourished in the United States during the latter part of the 19th century, particularly in the 1890s [1][3].",1,1,NA,NA,1,1,NA,,,
item-000148,a2_claim,-5116644172939113883,new_new,1,Who raps in the gorillaz song clint eastwood?,"Del the Funky Homosapien performed the rap verses for the Gorillaz song ""Clint Eastwood"".","Del the Funky Homosapien raps the verses in the Gorillaz song ""Clint Eastwood""",1,1,NA,NA,1,1,NA,,,
item-000516,a2_claim,3643093465010420057,new_new,2,What city in texas has the highest elevation?,Del Rio has an elevation of 1425 feet above sea level.,1425 feet above sea level [4],1,1,NA,NA,0,0,NA,,span_misaligned;meaning_changed,
item-000126,a2_claim,7150599999316106461,new_old,1,Who was the first singing brothers in the hall of fame?,The Mills Brothers were the inaugural recipients of the Vocal Group Hall of Fame induction.,The Mills Brothers were the first singing group inducted into the Vocal Group Hall of Fame,1,1,NA,NA,1,1,NA,,,
item-000396,a1_sentence,4183252176965080529,old,1,When does the new independence day come out?,"The new Independence Day, ""Independence Day: Resurgence,"" was released on June 24, 2016 [2].",,1,1,1,0,NA,NA,NA,,,
item-000183,a2_case,6619094979746662600,old_new,1,Who wrote brown eyes by destiny's child?,"I don't know. [None of the provided evidence mentions Destiny's Child or the composition of ""Brown Eyes"" by that group.]",,NA,NA,NA,NA,NA,NA,NA,no facts in a1,,
item-000605,a2_claim,-1062522255440685408,old_new,1,When did the first generation kindle fire come out?,The first generation Kindle Fire was launched in November 2011.,The first generation Kindle Fire was released in November 2011,1,1,NA,NA,1,1,NA,,,
item-000628,a1_sentence,-4995398567532229571,old,3,When did ragtime flourished in the united states?,"So the answer is: Ragtime flourished in the United States in the late 19th century, around the 1890s [1][3].",,1,1,1,0,NA,NA,NA,,,
item-000566,a2_claim,6776234528515962047,new_new,1,Who is the most run in cricket history?,Sachin Tendulkar is recognized as the most run scorer in cricket history.,The evidence indicates that the most run scorer in cricket history is Sachin Tendulkar,1,1,NA,NA,1,1,NA,,,
item-000511,a1_sentence,3643093465010420057,new,2,What city in texas has the highest elevation?,1425 feet above sea level [4],,NA,0,0,0,NA,NA,NA,,meta_nonclaim,
item-000111,a1_sentence,-99543908387769967,new,1,Who does sansa marry on game of thrones?,Sansa Stark marries Ramsay Bolton on Game of Thrones [4].,,1,1,1,0,NA,NA,NA,,,
item-000570,a1_sentence,2469112227919120438,old,3,The creation of the senate was based on the?,"Additionally, the Senate was originally conceived as a body to oversee judicial, financial, and administrative affairs during the monarch's absence, later becoming permanent (evidence [3]).",,1,1,1,0,NA,NA,NA,,,
item-000422,a1_sentence,7494804303418493420,old,1,Movie with the song sunshine on my shoulders?,"The movie with the song ""Sunshine on My Shoulders"" is titled ""Sunshine,"" which aired on NBC in 1973.",,1,1,1,0,NA,NA,NA,,,
item-000351,a2_case,-5333049627570569397,new_new,1,When did the song can't touch this come out?,"The song ""U Can't Touch This"" came out on February 12, 1990 [3][4].","- ""U Can't Touch This"" was released on February 12, 1990.",NA,NA,NA,NA,NA,NA,complete,none,,
item-000218,a1_sentence,743600309736467122,new,1,When was on the revolutions of the heavenly spheres published?,"""On the Revolutions of the Heavenly Spheres"" was published in 1543 [1][4].",,1,1,1,0,NA,NA,NA,,,
item-000133,a2_claim,87005427005915954,old_new,1,When was the last time galway won the hurling all ireland?,Galway achieved its most recent Hurling All Ireland victory in 1987.,The last time Galway won the Hurling All Ireland was in 1987,1,1,NA,NA,1,1,NA,,,
item-000150,a1_sentence,8686216144939155905,old,1,What is the name of the time zone for london?,The name of the time zone for London is Europe/London [2].,,1,1,1,0,NA,NA,NA,,,
item-000161,a2_case,-7699606393193219666,old_old,1,Who played cowboy curtis on pee wee herman?,Kevin Bacon [1],,NA,NA,NA,NA,NA,NA,NA,no facts in a1,,
item-000386,a2_claim,-6702031255040326279,old_old,2,Which of the animal is a carrier of h1n1?,"Dogs, ferrets, swine (such as turkeys), and a cheetah have been reported to carry the H1N1 virus.","Additionally, dogs, ferrets, swine (including turkeys), and a cheetah have also been reported to carry the H1N1 virus [1].",1,1,NA,NA,1,1,NA,,,
item-000033,a1_sentence,-4649654703638364295,old,1,Who made it through the divisional finals world of dance?,"The Lab, Les Twins, Kinjaz, and Keone & Mari made it through the divisional finals of World of Dance [3].",,1,1,1,0,NA,NA,NA,,,
item-000304,a2_case,-5036947181661390825,new_new,1,When was the vietnam veterans war memorial built?,"The Vietnam Veterans Memorial was constructed from March 16, 1982, to late October 1982 [2].","- The Vietnam Veterans Memorial was built between March 16, 1982, and late October 1982.",NA,NA,NA,NA,NA,NA,complete,none,,
item-000213,a2_claim,743600309736467122,old_old,2,When was on the revolutions of the heavenly spheres published?,The work was published in the year 1543.,published in 1543,1,0,NA,NA,0,0,NA,,unresolved_reference;span_misaligned;meaning_changed,
item-000229,a2_claim,6962706727076805207,old_old,1,What kind of car in to catch a thief?,"A bait car is a type of vehicle used in anti-theft operations, known by several names including decoy car, hot car, and trap car.","The kind of car used to catch a thief is called a bait car, also referred to as a decoy car, hot car, or trap car.",0,1,NA,NA,1,1,NA,,multi_fact,
item-000486,a2_case,2221044921312683785,new_new,1,When did the apple tv 4k come out?,"The 5th generation Apple TV, named Apple TV 4K, was announced on September 12, 2017 [2].","- The Apple TV 4K model was officially announced by Apple on September 12, 2017.",NA,NA,NA,NA,NA,NA,partial,"lost modifying description ""The 5th generation Apple TV""",fact_omission,
item-000554,a1_sentence,6776234528515962047,old,2,Who is the most run in cricket history?,"This person is also noted as the only player to score more than 30,000 runs in all forms of international cricket.",,1,0,1,1,NA,NA,NA,,unresolved_reference,
item-000159,a2_case,8686216144939155905,new_new,1,What is the name of the time zone for london?,The time zone for London is Europe/London [2].,- London uses the time zone identifier Europe/London.,NA,NA,NA,NA,NA,NA,complete,none,,
item-000343,a2_claim,-5333049627570569397,old_old,1,When did the song can't touch this come out?,"""U Can't Touch This"" was released on February 12, 1990.","The song ""U Can't Touch This"" came out on February 12, 1990",1,1,NA,NA,1,1,NA,,,
item-000328,a2_claim,-4873786835306543030,new_old,1,Who is the chief minister of m. p?,Captain Amarinder Singh holds the office of Chief Minister for the state of Punjab.,Captain Amarinder Singh is the Chief Minister of Punjab,1,1,NA,NA,1,1,NA,,,
item-000006,a1_sentence,-5942352520455511076,new,1,Where can adipose tissue be found in the body?,"Adipose tissue is located beneath the skin (subcutaneous fat) [1][4], around internal organs (visceral fat) [1][3], in bone marrow (yellow bone marrow) [1], intermuscularly [1], and in the breast tissue [1].",,1,1,1,0,NA,NA,NA,,,
item-000037,a2_case,-4649654703638364295,old_new,1,Who made it through the divisional finals world of dance?,"The Lab, Les Twins, Kinjaz, and Keone & Mari made it through the divisional finals of World of Dance [3].","- The Lab, Les Twins, Kinjaz, and Keone & Mari participated in the divisional finals of World of Dance.",NA,NA,NA,NA,NA,NA,complete,none,,
item-000577,a2_case,2469112227919120438,old_old,1,The creation of the senate was based on the?,"The creation of the U.S. Senate was based on the need for equal suffrage for small states in the national legislature, as mentioned in evidence [1]. This requirement arose from the refusal of small states to endorse the US Constitution unless they received equal representation, which led to the Senate's establishment to ensure this balance [1]. Additionally, the Senate was originally conceived as a body to oversee judicial, financial, and administrative affairs during the monarch's absence, later becoming permanent (evidence [3]). [1]","- The U.S. Senate was established to provide equal representation for small states in the national legislature.
- Small states refused to ratify the US Constitution without guaranteed equal representation, which led to the creation of the Senate.
- The Senate was created to ensure equal representation for small states.
- The original purpose of the Senate was to oversee judicial, financial, and administrative affairs when the monarch was not present.
- The Senate's role evolved from temporary oversight to a permanent body.",NA,NA,NA,NA,NA,NA,complete,none,,
item-000482,a1_sentence,2221044921312683785,new,1,When did the apple tv 4k come out?,"The 5th generation Apple TV, named Apple TV 4K, was announced on September 12, 2017 [2].",,1,1,1,0,NA,NA,NA,,,
item-000080,a1_sentence,-9141149438582194391,old,2,Who has scored the highest number of runs in test cricket?,"He is also the only player to have scored more than 30,000 runs in all forms of international cricket (Tests, ODIs, and Twenty20s).",,1,0,1,1,NA,NA,NA,,unresolved_reference,
item-000276,a2_case,4474597907223412132,new_new,1,Who were the two astronauts who stayed a year on the iss?,Scott Kelly and Mikhail Korniyenko were the two astronauts who stayed a year on the ISS [2].,- Scott Kelly and Mikhail Korniyenko were the two astronauts who spent a year on the International Space Station.,NA,NA,NA,NA,NA,NA,complete,none,,
item-000309,a2_claim,16881061444712536,old_old,2,Where does the amazon river start and finish?,The Amazon River ends at the Atlantic Ocean.,It finishes at the Atlantic Ocean,1,1,NA,NA,0,0,NA,,span_misaligned;meaning_changed,
item-000418,a2_claim,-4456614433280196572,new_old,1,What season does meredith and derek get married in grey's anatomy?,Meredith and Derek are married in the fifth season of the show.,Meredith and Derek get married in season five [3].,1,1,NA,NA,1,1,NA,,,
item-000125,a1_sentence,7150599999316106461,new,1,Who was the first singing brothers in the hall of fame?,The Mills Brothers were the first singing group inducted into the Vocal Group Hall of Fame [2].,,1,1,1,0,NA,NA,NA,,,
item-000319,a2_claim,16881061444712536,new_new,1,Where does the amazon river start and finish?,The Amazon River originates at the headwaters of the Cordillera Rumi Cruz mountain range located in Peru.,The Amazon River starts at the headwaters of the Cordillera Rumi Cruz in Peru,1,1,NA,NA,1,1,NA,,,
item-000625,a2_case,-3344541168958463110,new_new,1,Who fought with an angel in the bible?,Jacob fought with an angel in the Bible [1][4].,- Jacob engaged in a physical confrontation with an angel in the Bible.,NA,NA,NA,NA,NA,NA,complete,none,,
item-000004,a2_case,-5942352520455511076,old_old,1,Where can adipose tissue be found in the body?,"Adipose tissue can be found beneath the skin (subcutaneous fat) [1][3], around internal organs (visceral fat) [1][3], in bone marrow (yellow bone marrow) [1], intermuscularly [1], and in the breast tissue [1]. It is also located behind the eyeball, kidney, omenta, mesentry, in elephant and whale blubber, and the hump of a camel [2]. [1][2][3]",,NA,NA,NA,NA,NA,NA,none,all the facts in a1 were lost,fact_omission,
item-000095,a2_claim,-9141149438582194391,new_old,2,Who has scored the highest number of runs in test cricket?,"The same evidence [2] notes that this player was the first Indian to surpass 30,000 international runs.",[2] specifically mentions this player as the first Indian to achieve this feat.,NA,1,NA,NA,0,0,NA,,meta_nonclaim;span_misaligned;meaning_changed,
item-000352,a1_sentence,-62521546794442829,old,1,For whom was the battle of king's mountain a victory?,The battle of King's Mountain was a victory for the Patriots [1][2][3][4].,,1,1,1,0,NA,NA,NA,,,
item-000599,a2_case,-728189424752983312,new_old,1,Where did the term bye felicia come from?,"The term ""Bye, Felicia"" originated from a scene in the American stoner buddy crime comedy film ""Friday"" (1995) [1].","- The phrase ""Bye, Felicia"" was first used in the 1995 film Friday.",NA,NA,NA,NA,NA,NA,partial,"lost modifying description ""American stoner buddy crime comedy film""",fact_omission,
item-000551,a2_claim,4150448921344430432,new_new,1,Who were the original twins in everybody loves raymond?,Matthew and Gregory were the original twin actors in the television show Everybody Loves Raymond.,The original twins in Everybody Loves Raymond were Matthew and Gregory,1,1,NA,NA,0,0,NA,,span_misaligned;meaning_changed,
item-000609,a2_case,-1062522255440685408,new_old,1,When did the first generation kindle fire come out?,The first generation Kindle Fire was first released in November 2011 [1].,- The first generation Kindle Fire was launched in November 2011.,NA,NA,NA,NA,NA,NA,complete,none,,
item-000071,a2_claim,-4286108617234818000,new_old,1,When does the new super troopers movie come out?,Super Troopers 2 is a film title.,Super Troopers 2,1,1,NA,NA,0,0,NA,,span_misaligned;meaning_changed,
item-000172,a2_claim,1763163294931046731,old_new,1,Who played violet rutherford on leave it to beaver?,Veronica Cartwright portrayed the character Violet Rutherford in the television series Leave It to Beaver.,Veronica Cartwright played Violet Rutherford on Leave It to Beaver,1,1,NA,NA,1,1,NA,,,
item-000601,a2_case,-728189424752983312,new_new,1,Where did the term bye felicia come from?,"The term ""Bye, Felicia"" originated from a scene in the American stoner buddy crime comedy film ""Friday"" (1995) [1].","- The phrase ""Bye, Felicia"" was first used in the 1995 film Friday.",NA,NA,NA,NA,NA,NA,partial,"lost modifying description ""American stoner buddy crime comedy film""",fact_omission,
item-000115,a2_case,-99543908387769967,new_new,1,Who does sansa marry on game of thrones?,Sansa Stark marries Ramsay Bolton on Game of Thrones [4].,- Sansa Stark is married to Ramsay Bolton in the television series Game of Thrones.,NA,NA,NA,NA,NA,NA,complete,none,,
item-000169,a1_sentence,1763163294931046731,old,1,Who played violet rutherford on leave it to beaver?,Veronica Cartwright played Violet Rutherford on Leave It to Beaver [2].,,1,1,1,0,NA,NA,NA,,,
item-000198,a2_case,-2585133819352441604,new_new,1,Name of first episode of this is us?,"The first episode of This Is Us is called ""Remember"" [3].",- The title of the first episode of the TV series This Is Us is Remember.,NA,NA,NA,NA,NA,NA,complete,none,,
item-000303,a2_claim,-5036947181661390825,new_new,1,When was the vietnam veterans war memorial built?,"The Vietnam Veterans Memorial was built between March 16, 1982, and late October 1982.","The Vietnam Veterans Memorial was constructed from March 16, 1982, to late October 1982",1,1,NA,NA,1,1,NA,,,
item-000187,a2_case,6619094979746662600,new_new,1,Who wrote brown eyes by destiny's child?,I don't know. [5],,NA,NA,NA,NA,NA,NA,NA,no facts in a1,,
item-000350,a2_claim,-5333049627570569397,new_new,1,When did the song can't touch this come out?,"""U Can't Touch This"" was released on February 12, 1990.","The song ""U Can't Touch This"" came out on February 12, 1990",1,1,NA,NA,1,1,NA,,,
item-000368,a1_sentence,-447198893588059167,new,1,Who played the father in leave it to beaver?,"Hugh Beaumont played the father, Ward Cleaver, in ""Leave It to Beaver"" [4].",,1,1,1,0,NA,NA,NA,,,
item-000040,a2_case,-4649654703638364295,new_old,1,Who made it through the divisional finals world of dance?,The Lab made it through the divisional finals of World of Dance [3].,- The Lab team participated in and advanced to the divisional finals stage of the World of Dance competition.,NA,NA,NA,NA,NA,NA,complete,none,,
item-000044,a1_sentence,-5842265707961388968,old,2,Who beat villanova last year in the ncaa tournament?,"The evidence [5] states that ""Villanova blew out Miami by a score of 92–69.",,NA,0,0,0,NA,NA,NA,,meta_nonclaim,
item-000217,a2_case,743600309736467122,old_new,1,When was on the revolutions of the heavenly spheres published?,"""On the Revolutions of the Heavenly Spheres"" was published in 1543 [1][5].","- The title of the work is 'On the Revolutions of the Heavenly Spheres'.
- The work was published in the year 1543.",NA,NA,NA,NA,NA,NA,complete,none,,
item-000509,a2_case,3643093465010420057,old_new,1,What city in texas has the highest elevation?,I don't know [1],,NA,NA,NA,NA,NA,NA,NA,no facts in a1,,
item-000244,a2_claim,-3228483207040151533,old_old,1,What bodies of water surround cabo san lucas?,Cabo San Lucas is located between the Pacific Ocean and the Gulf of California.,The Pacific Ocean and the Gulf of California surround Cabo San Lucas.,1,1,NA,NA,1,1,NA,,,
item-000141,a2_claim,-5116644172939113883,old_old,1,Who raps in the gorillaz song clint eastwood?,"Del the Funky Homosapien performed the rap verses for the Gorillaz song ""Clint Eastwood"".","Del the Funky Homosapien raps the verses in the Gorillaz song ""Clint Eastwood""",1,1,NA,NA,1,1,NA,,,
item-000533,a2_claim,-8286966211355378010,new_old,3,What is the objective of tour de france?,The Tour de France spans a total of 23 days.,over 23 days,1,1,NA,NA,0,0,NA,,span_misaligned;meaning_changed,
item-000384,a1_sentence,-6702031255040326279,old,2,Which of the animal is a carrier of h1n1?,"Additionally, dogs, ferrets, swine (including turkeys), and a cheetah have also been reported to carry the H1N1 virus [1].",,1,1,1,0,NA,NA,NA,,,
item-000594,a2_claim,-728189424752983312,old_new,1,Where did the term bye felicia come from?,"The phrase ""Bye, Felicia"" originated in the 1995 film ""Friday"".","The term ""Bye, Felicia"" came from a scene in the American stoner buddy crime comedy film ""Friday"" (1995)",1,1,NA,NA,1,1,NA,,,
item-000360,a2_claim,-62521546794442829,new_new,1,For whom was the battle of king's mountain a victory?,The Patriots won the Battle of King's Mountain.,The battle of King's Mountain was a victory for the Patriots,1,1,NA,NA,1,1,NA,,,
item-000258,a2_claim,732619765350082410,old_new,1,When did toronto host the mlb all-star game?,"The 1991 Major League Baseball All-Star Game was held at SkyDome in Toronto on July 9, 1991.","Toronto hosted the MLB All-Star Game on July 9, 1991",1,1,NA,NA,1,1,NA,,,
item-000424,a2_case,7494804303418493420,old_old,1,Movie with the song sunshine on my shoulders?,"The movie with the song ""Sunshine on My Shoulders"" is titled ""Sunshine,"" which aired on NBC in 1973. [1]",,NA,NA,NA,NA,NA,NA,none,all the facts in a1 were lost,fact_omission,
item-000164,a1_sentence,-7699606393193219666,new,2,Who played cowboy curtis on pee wee herman?,""" [2]",,NA,0,0,0,NA,NA,NA,,citation_only,
item-000590,a1_sentence,-728189424752983312,old,2,Where did the term bye felicia come from?,"It was originally used in that film and is attributed to Ice Cube, who starred in and co-wrote the script [1].",,0,0,1,1,NA,NA,NA,,multi_fact;unresolved_reference,
item-000456,a1_sentence,7797208395147217894,old,3,When did west germany win the world cup?,[2],,NA,0,0,0,NA,NA,NA,,citation_only,
item-000510,a1_sentence,3643093465010420057,new,1,What city in texas has the highest elevation?,The city in Texas with the highest elevation is Del Rio [3].,,1,1,1,0,NA,NA,NA,,,
item-000146,a2_claim,-5116644172939113883,new_old,1,Who raps in the gorillaz song clint eastwood?,"Del the Funky Homosapien performed the rap verses for the Gorillaz song ""Clint Eastwood"".","Del the Funky Homosapien raps the verses in the Gorillaz song ""Clint Eastwood""",1,1,NA,NA,1,1,NA,,,
item-000634,a2_case,-4995398567532229571,old_new,1,When did ragtime flourished in the united states?,"Ragtime flourished in the United States during the latter part of the 19th century, particularly in the 1890s [1][3]. The evidence indicates that more sophisticated African‑American styles, including ragtime, became popular around this time, and by the start of the 20th century it was widely popular throughout North America [3]. 

So the answer is: Ragtime flourished in the United States in the late 19th century, around the 1890s [1][3].","- Ragtime became popular in the United States in the late 19th century, around the 1890s.
- By the start of the 20th century, ragtime was widely popular throughout North America.",NA,NA,NA,NA,NA,NA,complete,none,,
item-000045,a1_sentence,-5842265707961388968,old,3,Who beat villanova last year in the ncaa tournament?,"In the South regional Final, with Villanova leading 62–59, Mikal Bridges made a steal before Frank Mason III could shoot a potential game-tying three-pointer, and Jalen Brunson made the ensuing free throws and Villanova beat the #1-overall seed Kansas 64–59 to advance to"".",,0,1,1,0,NA,NA,NA,,multi_fact,
item-000435,a2_case,-1859261645300630518,old_old,1,When does steve come back in shameless season 5?,I don't know. [2],,NA,NA,NA,NA,NA,NA,NA,no facts in a1,,
item-000003,a1_sentence,-5942352520455511076,old,3,Where can adipose tissue be found in the body?,[1][2][3],,NA,0,0,0,NA,NA,NA,,citation_only,
item-000400,a2_claim,4183252176965080529,old_old,2,When does the new independence day come out?,"The film's initial release date was set for July 2016, but the schedule was changed several times.",It was originally scheduled for July 2016 but was rescheduled multiple times,1,0,NA,NA,1,1,NA,,unresolved_reference,
item-000475,a1_sentence,2221044921312683785,old,1,When did the apple tv 4k come out?,"The Apple TV 4K was announced on September 12, 2017 [2].",,1,1,1,0,NA,NA,NA,,,
item-000607,a1_sentence,-1062522255440685408,new,1,When did the first generation kindle fire come out?,The first generation Kindle Fire was first released in November 2011 [1].,,1,1,1,0,NA,NA,NA,,,
item-000076,a2_claim,-4286108617234818000,new_new,2,When does the new super troopers movie come out?,Fox Searchlight Pictures was the distributor of Super Troopers 2.,was released by Fox Searchlight Pictures,1,1,NA,NA,0,0,NA,,span_misaligned;meaning_changed,
item-000135,a1_sentence,87005427005915954,new,1,When was the last time galway won the hurling all ireland?,Galway last won the Hurling All-Ireland title in 1987 [5].,,1,1,1,0,NA,NA,NA,,,
item-000376,a2_claim,8433533625736230886,old_new,1,Who has won the most trophies man utd or liverpool?,Manchester United has won more trophies than any other football club.,Manchester United has won the most trophies,1,1,NA,NA,1,1,NA,,,
item-000200,a1_sentence,6514531923811923780,old,2,When does disney's food and wine festival end?,[1][2],,NA,0,0,0,NA,NA,NA,,citation_only,
item-000581,a2_claim,2469112227919120438,old_new,4,The creation of the senate was based on the?,"The original purpose of the Senate was to oversee judicial, financial, and administrative affairs when the monarch was not present.","Additionally, the Senate was originally conceived as a body to oversee judicial, financial, and administrative affairs during the monarch's absence",1,1,NA,NA,1,1,NA,,,
item-000579,a2_claim,2469112227919120438,old_new,2,The creation of the senate was based on the?,"Small states refused to ratify the US Constitution without guaranteed equal representation, which led to the creation of the Senate.",as mentioned in evidence [1]. This requirement arose from the refusal of small states to endorse the US Constitution unless they received equal representation,1,1,NA,NA,1,1,NA,,,
item-000242,a1_sentence,-3228483207040151533,old,1,What bodies of water surround cabo san lucas?,The Pacific Ocean and the Gulf of California surround Cabo San Lucas.,,1,1,1,0,NA,NA,NA,,,
item-000564,a2_claim,6776234528515962047,new_old,1,Who is the most run in cricket history?,Sachin Tendulkar is recognized as the most run scorer in cricket history.,The evidence indicates that the most run scorer in cricket history is Sachin Tendulkar,1,1,NA,NA,1,1,NA,,,
item-000503,a2_claim,-3279585462082900736,new_old,1,Who gets fired on grey's anatomy season 6?,"Katherine Heigl's character, Dr. Izzie Stevens, is written out of Grey's Anatomy in season 6.",Katherine Heigl gets fired on Grey's Anatomy season 6,1,1,NA,NA,0,0,NA,,span_misaligned;meaning_changed,
item-000632,a2_claim,-4995398567532229571,old_new,1,When did ragtime flourished in the united states?,"Ragtime became popular in the United States in the late 19th century, around the 1890s.","Ragtime flourished in the United States during the latter part of the 19th century, particularly in the 1890s [1][3].",1,1,NA,NA,1,1,NA,,,
item-000406,a2_case,4183252176965080529,old_new,1,When does the new independence day come out?,"The new Independence Day, ""Independence Day: Resurgence,"" was released on June 24, 2016 [2]. It was originally scheduled for July 2016 but was rescheduled multiple times, with the final release date announced as June 24, 2016 [1]. [2][1]","- Independence Day: Resurgence was officially released on June 24, 2016.
- The film's initial release date was set for July 2016, but the schedule was changed several times.
- After multiple rescheduling events, the final confirmed release date for Independence Day: Resurgence was June 24, 2016.",NA,NA,NA,NA,NA,NA,complete,none,,
item-000287,a2_claim,-5564120845047915486,old_new,3,Where do you find a simple gear train?,"Gear trains are employed in mechanical systems including clocks, specifically for the going train and striking train.","Additionally, gear trains are used in various mechanical systems, such as in clocks (both for the going train and striking train) [3]",1,1,NA,NA,1,1,NA,,,
item-000619,a2_claim,-3344541168958463110,old_new,2,Who fought with an angel in the bible?,The encounter was specifically with Jacob.,[4] confirms that it was Jacob who wrestled with a man (identified later as God) in this encounter.,1,0,NA,NA,1,0,NA,,unresolved_reference;meaning_changed,
item-000471,a2_case,7797208395147217894,new_old,1,When did west germany win the world cup?,West Germany won the World Cup in 1954 [2] and again in 1974 [2]. [2],"- West Germany achieved victory in the 1954 World Cup.
- West Germany achieved victory in the 1974 World Cup.",NA,NA,NA,NA,NA,NA,complete,none,,
item-000381,a2_claim,8433533625736230886,new_new,1,Who has won the most trophies man utd or liverpool?,Manchester United has a higher total number of trophies than Liverpool.,Manchester United has won more trophies than Liverpool,1,1,NA,NA,1,1,NA,,,
item-000260,a1_sentence,732619765350082410,new,1,When did toronto host the mlb all-star game?,"The Toronto Blue Jays hosted the Major League Baseball All-Star Game on July 9, 1991 [1].",,1,1,1,0,NA,NA,NA,,,
item-000614,a1_sentence,-3344541168958463110,old,3,Who fought with an angel in the bible?,"[I don't know] if there are other biblical figures who fought with angels, as the provided evidence only mentions Jacob.",,NA,0,0,0,NA,NA,NA,,meta_nonclaim,
item-000536,a2_claim,-8286966211355378010,new_new,2,What is the objective of tour de france?,"The competition consists of multiple stages, each lasting a day.",through a series of day-long stages,1,1,NA,NA,1,1,NA,,,
item-000184,a1_sentence,6619094979746662600,new,1,Who wrote brown eyes by destiny's child?,I don't know.,,NA,0,0,0,NA,NA,NA,,meta_nonclaim,
item-000208,a2_case,6514531923811923780,new_old,1,When does disney's food and wine festival end?,The Epcot International Food & Wine Festival ends on November 13 [1].,- The festival concludes on November 13.,NA,NA,NA,NA,NA,NA,partial,"lost fact description ""The Epcot International Food & Wine Festival""",fact_omission,
item-000301,a2_claim,-5036947181661390825,new_old,1,When was the vietnam veterans war memorial built?,"The Vietnam Veterans Memorial was built between March 16, 1982, and late October 1982.","The Vietnam Veterans Memorial was constructed from March 16, 1982, to late October 1982",1,1,NA,NA,1,1,NA,,,
item-000181,a1_sentence,6619094979746662600,old,3,Who wrote brown eyes by destiny's child?,],,NA,0,0,0,NA,NA,NA,,citation_only,
item-000549,a2_claim,4150448921344430432,new_old,1,Who were the original twins in everybody loves raymond?,Matthew and Gregory were the original twin actors in the television show Everybody Loves Raymond.,The original twins in Everybody Loves Raymond were Matthew and Gregory,1,1,NA,NA,0,0,NA,,span_misaligned;meaning_changed,
item-000455,a1_sentence,7797208395147217894,old,2,When did west germany win the world cup?,"The 1954 victory is described as a ""miracle of Bern"" [2], and the 1974 win is noted as the team defeating the Netherlands 2–1 in the final [1].",,0,1,1,0,NA,NA,NA,,multi_fact,
item-000451,a2_case,3605104154738105404,new_old,1,What episode does jason gideon die in criminal minds?,"Jason Gideon dies in the Season 10 episode ""Nelson's Sparrow"" [1][4].","- Jason Gideon character dies in the TV episode titled ""Nelson's Sparrow"" which is from Season 10.",NA,NA,NA,NA,NA,NA,complete,none,,
item-000139,a2_case,87005427005915954,new_new,1,When was the last time galway won the hurling all ireland?,Galway last won the Hurling All-Ireland title in 1987 [5].,- Galway achieved its most recent Hurling All-Ireland championship in 1987.,NA,NA,NA,NA,NA,NA,complete,none,,
item-000568,a1_sentence,2469112227919120438,old,1,The creation of the senate was based on the?,"The creation of the U.S. Senate was based on the need for equal suffrage for small states in the national legislature, as mentioned in evidence [1].",,NA,0,0,0,NA,NA,NA,,meta_nonclaim,
item-000460,a2_claim,7797208395147217894,old_old,4,When did west germany win the world cup?,"In the 1974 World Cup final, West Germany defeated the Netherlands with a score of 2–1.",the 1974 win is noted as the team defeating the Netherlands 2–1 in the final,1,1,NA,NA,0,0,NA,,span_misaligned;meaning_changed,
item-000270,a2_claim,4474597907223412132,old_new,2,Who were the two astronauts who stayed a year on the iss?,Mikhail Korniyenko is an astronaut from Roscosmos in Russia who spent a year on the ISS.,The two astronauts who stayed a year on the ISS were Scott Kelly (NASA / USA) and Mikhail Korniyenko (Roscosmos / Russia).,1,1,NA,NA,1,1,NA,,,
item-000355,a2_claim,-62521546794442829,old_new,1,For whom was the battle of king's mountain a victory?,The Patriots won the Battle of King's Mountain.,The battle of King's Mountain was a victory for the Patriots,1,1,NA,NA,1,1,NA,,,
item-000121,a2_case,7150599999316106461,old_old,1,Who was the first singing brothers in the hall of fame?,"The Everly Brothers were the first singing brothers inducted into the Rock and Roll Hall of Fame in 1986 [1]. They were also inducted into the Country Music Hall of Fame in 2001 [5]. The evidence [1] directly states their induction into the Rock and Roll Hall of Fame, which answers the question about who was the first singing brothers in the hall of fame.","- The Everly Brothers were the first singing brothers to be inducted into the Rock and Roll Hall of Fame, which occurred in 1986.
- The Everly Brothers were inducted into the Country Music Hall of Fame in 2001.",NA,NA,NA,NA,NA,NA,complete,none,,
item-000322,a1_sentence,-4873786835306543030,old,1,Who is the chief minister of m. p?,The chief minister of Punjab (MP) is Captain Amarinder Singh [1].,,1,1,1,0,NA,NA,NA,,,
item-000441,a2_claim,-1859261645300630518,new_new,1,When does steve come back in shameless season 5?,"Steve Howey appears in Shameless season 5, episode 1 named ""The Big Sick"".","Steve Howey returns in Shameless season 5 in episode 1 titled ""The Big Sick"", which premiered on January 11, 2015",1,1,NA,NA,1,1,NA,,,
item-000373,a1_sentence,8433533625736230886,old,1,Who has won the most trophies man utd or liverpool?,Manchester United has won the most trophies [1][2][3].,,1,1,1,0,NA,NA,NA,,,
item-000440,a2_case,-1859261645300630518,new_old,1,When does steve come back in shameless season 5?,"Steve Howey returns in Shameless season 5 in episode 1 titled ""The Big Sick"", which premiered on January 11, 2015 [2].","- Steve Howey appears in Shameless season 5, episode 1 named ""The Big Sick"".
- The episode ""The Big Sick"" aired on January 11, 2015.",NA,NA,NA,NA,NA,NA,complete,none,,
item-000578,a2_claim,2469112227919120438,old_new,1,The creation of the senate was based on the?,The U.S. Senate was established to provide equal representation for small states in the national legislature.,The creation of the U.S. Senate was based on the need for equal suffrage for small states in the national legislature,1,1,NA,NA,1,1,NA,,,
item-000563,a1_sentence,6776234528515962047,new,2,Who is the most run in cricket history?,1,,NA,0,0,0,NA,NA,NA,,citation_only,
item-000499,a2_case,-3279585462082900736,old_old,1,Who gets fired on grey's anatomy season 6?,Katherine Heigl gets fired on Grey's Anatomy season 6 [2].,"- Katherine Heigl's character, Dr. Izzie Stevens, is written out of Grey's Anatomy in season 6.",NA,NA,NA,NA,NA,NA,partial,"lost fact description ""Katherine Heigl gets fired on Grey's Anatomy season 6""",fact_omission,
item-000240,a2_claim,6962706727076805207,new_new,1,What kind of car in to catch a thief?,"Bait cars often include audio/video surveillance technology, GPS tracking, and a kill switch for remote disabling.","A bait car used to catch a thief is typically a vehicle that is modified with audio/video surveillance technology, GPS tracking, and possibly a ""kill switch"" for remote disabling",1,1,NA,NA,1,1,NA,,,
item-000365,a2_case,-447198893588059167,old_old,1,Who played the father in leave it to beaver?,"Hugh Beaumont played the father, Ward Cleaver, in Leave It to Beaver. [4]",- Hugh Beaumont portrayed the character Ward Cleaver in the television series Leave It to Beaver.,NA,NA,NA,NA,NA,NA,complete,none,,
item-000263,a2_claim,732619765350082410,new_new,1,When did toronto host the mlb all-star game?,"The Toronto Blue Jays were the host team for the Major League Baseball All-Star Game on July 9, 1991.","The Toronto Blue Jays hosted the Major League Baseball All-Star Game on July 9, 1991",1,1,NA,NA,1,1,NA,,,
item-000143,a2_claim,-5116644172939113883,old_new,1,Who raps in the gorillaz song clint eastwood?,"Del the Funky Homosapien performed the rap verses for the Gorillaz song ""Clint Eastwood"".","Del the Funky Homosapien raps the verses in the Gorillaz song ""Clint Eastwood""",1,1,NA,NA,1,1,NA,,,
item-000448,a2_case,3605104154738105404,old_new,1,What episode does jason gideon die in criminal minds?,"Jason Gideon dies in the Season 10 episode ""Nelson's Sparrow"" [1].","- Jason Gideon is a character who dies in the TV show Criminal Minds in the Season 10 episode titled ""Nelson's Sparrow"".",NA,NA,NA,NA,NA,NA,complete,none,,
item-000462,a2_claim,7797208395147217894,old_new,1,When did west germany win the world cup?,West Germany achieved the World Cup title in 1954.,West Germany won the World Cup in 1954,1,1,NA,NA,1,1,NA,,,
item-000269,a2_claim,4474597907223412132,old_new,1,Who were the two astronauts who stayed a year on the iss?,Scott Kelly is an astronaut from NASA in the USA who spent a year on the ISS.,The two astronauts who stayed a year on the ISS were Scott Kelly (NASA / USA) and Mikhail Korniyenko (Roscosmos / Russia).,1,1,NA,NA,1,1,NA,,,
item-000087,a2_claim,-9141149438582194391,old_new,2,Who has scored the highest number of runs in test cricket?,"The same player also scored 18,426 runs in One-Day Internals.","The evidence [2] indicates that the player with the highest number of runs in test cricket is the one who scored 15,921 runs in Tests, as well as 18,426 runs in One-Day Internationals.",1,0,NA,NA,1,1,NA,,unresolved_reference,
item-000635,a1_sentence,-4995398567532229571,new,1,When did ragtime flourished in the united states?,"Ragtime flourished in the United States during the late 19th century, from around the 1890s onward [1][3].",,1,1,1,0,NA,NA,NA,,,
item-000283,a2_claim,-5564120845047915486,old_old,4,Where do you find a simple gear train?,"In the field of horology, a wheel train serves as the gear train for clocks or watches.",and in horology where a wheel train is the gear train of a clock or watch [3],1,1,NA,NA,1,1,NA,,,
item-000015,a2_case,-5942352520455511076,new_new,1,Where can adipose tissue be found in the body?,"Adipose tissue is located beneath the skin (subcutaneous fat) [1][4], around internal organs (visceral fat) [1][3], in bone marrow (yellow bone marrow) [1], intermuscularly [1], and in the breast tissue [1].","- Adipose tissue exists beneath the skin as subcutaneous fat.
- Adipose tissue surrounds internal organs as visceral fat.
- Adipose tissue is present in the yellow bone marrow of bones.
- Adipose tissue is situated between muscle fibers intermuscularly.
- Adipose tissue is found in the breast tissue.",NA,NA,NA,NA,NA,NA,complete,none,,
item-000624,a2_claim,-3344541168958463110,new_new,1,Who fought with an angel in the bible?,Jacob engaged in a physical confrontation with an angel in the Bible.,Jacob fought with an angel,1,1,NA,NA,0,0,NA,,span_misaligned;meaning_changed,
item-000130,a1_sentence,87005427005915954,old,1,When was the last time galway won the hurling all ireland?,The last time Galway won the Hurling All Ireland was in 1987 [5].,,1,1,1,0,NA,NA,NA,,,
item-000442,a2_claim,-1859261645300630518,new_new,2,When does steve come back in shameless season 5?,"The episode ""The Big Sick"" aired on January 11, 2015.","Steve Howey returns in Shameless season 5 in episode 1 titled ""The Big Sick"", which premiered on January 11, 2015 [2].",1,1,NA,NA,1,1,NA,,,
item-000031,a2_claim,-7824075627194227170,new_new,1,When was the commission fir sc/st established?,The first commission for Scheduled Castes and Scheduled Tribes was established in August 1978.,The first commission for Scheduled Castes and Scheduled Tribes was established in August 1978,1,1,NA,NA,1,1,NA,,,
item-000302,a2_case,-5036947181661390825,new_old,1,When was the vietnam veterans war memorial built?,"The Vietnam Veterans Memorial was constructed from March 16, 1982, to late October 1982 [2].","- The Vietnam Veterans Memorial was built between March 16, 1982, and late October 1982.",NA,NA,NA,NA,NA,NA,complete,none,,
item-000220,a2_claim,743600309736467122,new_old,2,When was on the revolutions of the heavenly spheres published?,The work was published in the year 1543.,published in 1543,1,0,NA,NA,0,0,NA,,unresolved_reference;span_misaligned;meaning_changed,
item-000545,a2_claim,4150448921344430432,old_new,1,Who were the original twins in everybody loves raymond?,Matthew and Gregory were the original twins in the television show Everybody Loves Raymond.,The original twins in Everybody Loves Raymond were Matthew and Gregory,1,1,NA,NA,1,1,NA,,,
item-000073,a2_claim,-4286108617234818000,new_old,3,When does the new super troopers movie come out?,"Super Troopers 2 was released on April 20, 2018.","on April 20, 2018",1,1,NA,NA,0,0,NA,,span_misaligned;meaning_changed,
item-000134,a2_case,87005427005915954,old_new,1,When was the last time galway won the hurling all ireland?,The last time Galway won the Hurling All Ireland was in 1987 [5].,- Galway achieved its most recent Hurling All Ireland victory in 1987.,NA,NA,NA,NA,NA,NA,complete,none,,
item-000192,a2_claim,-2585133819352441604,old_new,1,Name of first episode of this is us?,The title of the first episode of the TV series This Is Us is Remember.,"The first episode of This Is Us is called ""Remember.""",1,1,NA,NA,1,1,NA,,,
item-000231,a2_claim,6962706727076805207,old_old,3,What kind of car in to catch a thief?,Some bait cars feature GPS tracking and a kill switch mechanism to remotely disable the vehicle and lock its doors.,"They may include GPS tracking and a ""kill switch"" that allows police to remotely disable the engine and lock the doors, preventing the thief from escaping.",1,1,NA,NA,0,0,NA,,span_misaligned;meaning_changed,
item-000151,a2_claim,8686216144939155905,old_old,1,What is the name of the time zone for london?,The IANA time zone identifier for London is Europe/London.,The name of the time zone for London is Europe/London,1,1,NA,NA,1,1,NA,,,
item-000237,a1_sentence,6962706727076805207,new,1,What kind of car in to catch a thief?,"A bait car used to catch a thief is typically a vehicle that is modified with audio/video surveillance technology, GPS tracking, and possibly a ""kill switch"" for remote disabling [1][3].",,1,1,1,0,NA,NA,NA,,,
item-000191,a2_case,-2585133819352441604,old_old,1,Name of first episode of this is us?,"The first episode of This Is Us is called ""Remember."" [3]",- The title of the first episode of the TV series This Is Us is Remember.,NA,NA,NA,NA,NA,NA,complete,none,,
item-000298,a2_claim,-5036947181661390825,old_new,1,When was the vietnam veterans war memorial built?,"The Vietnam Veterans Memorial was constructed and officially dedicated on November 13, 1982.","The Vietnam Veterans Memorial was built and dedicated on November 13, 1982",1,1,NA,NA,1,1,NA,,,
item-000266,a1_sentence,4474597907223412132,old,2,Who were the two astronauts who stayed a year on the iss?,[2],,NA,0,0,0,NA,NA,NA,,citation_only,
