retriever,precision@1,precision@3,precision@5,precision@10,recall@1,recall@3,recall@5,recall@10,ndcg@1,ndcg@3,ndcg@5,ndcg@10,mrr
granite_dense,0.6433333333333333,0.2855555555555555,0.18999999999999997,0.10099999999999999,0.6148333333333333,0.7832222222222223,0.8397777777777778,0.8925555555555555,0.6433333333333333,0.7251789663246091,0.7487650474392256,0.7665175315928656,0.7298968253968254
bm25,0.51,0.23777777777777775,0.15199999999999997,0.08299999999999999,0.49416666666666664,0.6733333333333333,0.7051111111111111,0.7556666666666666,0.51,0.6045619892237521,0.6179867060839919,0.6359912686911698,0.6041415343915344
st_dense,0.49666666666666665,0.23444444444444443,0.15666666666666668,0.08933333333333332,0.4772222222222222,0.6453333333333333,0.7097777777777778,0.79,0.49666666666666665,0.5869013555065904,0.6129435454398259,0.6411551451020527,0.5982962962962962
